Person,Rank,First Name,Last Name,Pre-Nominal,Given Name,Surname,Bloodname,Post-Nominal,Callsign,Age,Status,Gender,Skill Level,Role,Unit Assignment,Force,Deployed,Mek,Vehicle,Naval,VTOL,Aero,Aircraft,Vessel,Battle Armour,Small Arms,Anti-Mek,Artillery,Tactics,Strategy,Leadership,Tech/Mek,Tech/Aero,Mechanic,Tech/BA,Tech/Vessel,Medical,Admin,Negotiation,Scrounge,Injuries,Kills,Salary,XP,Origin Faction,Origin Planet,Birthday,Recruitment Date,Last Rank Change,Due Date,Retirement Date,Death Date,Commander,Founder,Clan Personnel,Interested in Marriage,Divorceable,Interested in Children,Excluded from Random Death,Toughness,Fatigue,Edge,SPA Count,Implant Count,Loyalty,Education,Aggression,Ambition,Greed,Social,Intelligence
"",Sergeant,Rufus,Langdon,,Rufus,Langdon,,,Odyssey,24,Active,Male,Regular,MekWarrior/Mek Tech,Quasimodo QSM-3D,Beta Lance,-,4/5,-/-,-/-,-/-,-/-,-/-,-/-,-,5,-,-,4,0,2,6,-,-,-,-,-,-,6,-,0,3,"2,745 C-Bill",35,Mercenary,Tamarind,3126-06-01,3151-02-12,3151-05-13,,,,No,Yes,No,N/A,Yes,N/A,No,0,0,3,0,0,11,High School,None (-),None (-),None (-),None (-),13
"",Sergeant,Darius,Steiger,,Darius,Steiger,,,Chemical,27,Active,Male,Regular,MekWarrior/Mek Tech,Thunderbolt C 2,Alpha Lance,-,4/5,-/-,-/-,-/-,-/-,-/-,-/-,-,4,-,-,3,-,1,6,-,-,-,-,-,-,-,-,0,1,"2,745 C-Bill",40,Mercenary,Alexandria (LC),3124-05-07,3151-02-12,3151-05-13,,,,No,Yes,No,No,N/A,N/A,No,0,0,1,0,0,13,College,None (-),None (-),None (-),Receptive (+),12
"",Warrior,Hassim,,,Hassim,,,,,37,Active,Male,Veteran,Trueborn MekWarrior/Astech,Shadow Hawk IIC 8,Alpha Lance,-,3/3,-/-,-/-,-/-,-/-,-/-,-/-,-,5,-,-,3,-,3,-,-,-,-,-,-,-,-,-,0,1,"1,245 C-Bill",25,Clan Sea Fox,Trondheim (DC),3114-05-02,3151-02-12,3151-05-13,,,,No,Yes,Yes,Yes,N/A,N/A,No,0,-3,1,0,0,12,College,None (-),Diligent (+),None (-),None (-),12
"",Major,Quentin,Elias Tresseraburg,,Quentin,Elias Tresseraburg,,,Deadeye,21,Active,Male,Regular,MekWarrior/Astech,Mad Cat III 2 -  Mad Kitten,Alpha Lance,-,5/5,-/7,-/-,-/-,-/-,-/-,-/-,-,7,-,-,2,-,4,6,-,-,-,-,-,-,5,-,0,1,"3,495 C-Bill",30,Lyran Commonwealth,Clermont,3130-02-01,3151-02-12,3151-05-13,,,,Yes,Yes,No,No,N/A,N/A,No,0,0,1,0,0,11,Early Childhood,Daring (+),None (-),None (-),None (-),12
"",Sergeant,Yoshiro,Takamotoi,,Yoshiro,Takamotoi,,,,23,Active,Male,Veteran,MekWarrior/Soldier,Locust LCT-7V2,Alpha Lance,-,4/4,-/-,-/-,-/-,-/-,-/-,-/-,-,4,-,-,2,-,2,8,-,-,-,-,-,-,-,-,0,1,"2,745 C-Bill",30,Draconis Combine,Yamarovka,3127-08-10,3151-02-12,3151-05-13,,,,No,No,No,Yes,N/A,N/A,No,0,-1,3,0,0,7,College,None (-),Motivated (+),None (-),None (-),12
"",Chu-i,Kage,Ha Omi,,Kage,Ha Omi,,,Zetsubo,21,Active,Male,Veteran,MekWarrior/Astech,Black Hawk (Nova) S,Beta Lance,-,3/4,-/7,-/-,-/-,-/-,-/-,-/-,-,5,-,-,2,-,-,8,-,-,-,-,-,-,-,-,0,5,"2,505 C-Bill",40,Draconis Combine,Luthien,3129-10-01,3151-02-12,3151-05-13,,,,No,No,No,Yes,N/A,N/A,No,0,-1,3,0,0,6,College,None (-),None (-),None (-),Introverted (+),12
"",Chief Tech,Joanna,Langdon,,Joanna,Langdon,,,,25,Active,Other,Veteran,Freeborn Mek Tech,Mad Cat III 2 -  Mad Kitten (240m),-,-,-/-,-/-,-/-,-/-,-/-,-/-,-/-,-,-,-,-,-,-,2,5,-,-,-,-,-,4,4,-,0,0,"1,464 C-Bill",0,Clan Wolf-in-Exile,Arc-Royal,3125-11-02,3151-02-19,3151-05-13,,,,No,No,Yes,N/A,Yes,No,No,0,-3,0,0,0,15,College,None (-),None (-),None (-),Petty (-),12
"",,Yuriko,Takomoto,,Yuriko,Takomoto,,,,13,Active,Female,None,Dependent,-,-,-,-/-,-/-,-/-,-/-,-/-,-/-,-/-,-,-,-,-,-,-,-,-,-,-,-,-,-,-,-,-,0,0,0 C-Bill,0,Draconis Combine,Yamarovka,3137-09-01,3151-02-19,,,,,No,No,No,Yes,N/A,Yes,No,0,0,0,0,0,8,Early Childhood,None (-),Dishonest (--),None (-),None (-),12
"",,Eremey,Langdon,,Eremey,Langdon,,,,3,Active,Male,None,Dependent,-,-,-,-/-,-/-,-/-,-/-,-/-,-/-,-/-,-,-,-,-,-,-,-,-,-,-,-,-,-,-,-,-,0,0,0 C-Bill,0,Free Worlds League,Tamarind,3147-07-01,3151-02-19,,,,,No,No,No,Yes,N/A,N/A,No,0,0,0,0,0,5,Early Childhood,Daring (+),None (-),None (-),None (-),12
"",Spaceman,Kiyohira,Endo,,Kiyohira,Endo,,,,25,Active,Male,Veteran,Vessel Pilot,Union (Crows Nest) [Pilot],DropShip,-,-/-,-/-,-/-,-/-,-/-,-/-,-/4,-,5,-,-,-,-,-,-,-,-,-,-,-,-,-,8,0,1,830 C-Bill,20,Draconis Combine,Saffel,3125-06-15,3151-02-19,3151-02-19,,,,No,No,No,No,N/A,N/A,No,0,-1,0,0,0,11,High School,None (-),None (-),None (-),Dismissive (-),12
"",Spaceman Recruit,Romano,Massari,,Romano,Massari,,,,23,Active,Male,Regular,Vessel Pilot,Union (Crows Nest) [Pilot],DropShip,-,-/-,-/-,-/-,-/-,-/-,-/-,-/5,-,5,-,-,-,-,-,-,-,-,-,-,-,-,-,-,0,1,670 C-Bill,15,Mercenary,Dieron,3127-11-20,3151-02-19,3151-02-19,,,,No,No,No,Yes,N/A,N/A,No,0,0,0,0,0,9,High School,None (-),None (-),None (-),Altruistic (++),18
"",Spaceman Recruit,Robert,,,Robert,,,,,24,Active,Male,Regular,Freeborn Vessel Pilot,Union (Crows Nest) [Pilot],DropShip,-,-/-,-/-,-/-,-/-,-/-,-/-,-/5,-,6,-,-,2,-,-,-,-,-,-,-,-,-,-,-,0,1,670 C-Bill,15,Clan Jade Falcon,Rigil Kentarus,3127-01-25,3151-02-19,3151-02-19,,,,No,No,Yes,Yes,N/A,N/A,No,1,-2,0,0,0,11,College,Murderous (--),None (-),None (-),None (-),12
"",Spaceman Recruit,Jean,Carp,,Jean,Carp,,,,25,Active,Male,Regular,Vessel Gunner,Union (Crows Nest) [Gunner],DropShip,-,-/-,-/-,-/-,-/-,-/-,-/-,5/-,-,6,-,-,2,-,-,-,-,-,-,-,-,-,-,-,0,1,670 C-Bill,15,Mercenary,Capolla,3125-08-18,3151-02-19,3151-02-19,,,,No,No,No,Yes,N/A,N/A,No,0,0,0,0,0,13,College,None (-),Conniving (-),None (-),None (-),12
"",Spaceman Recruit,Kamarupa,,,Kamarupa,,,,,23,Active,Male,Green,Freeborn Vessel Gunner,Union (Crows Nest) [Gunner],DropShip,-,-/-,-/-,-/-,-/-,-/-,-/-,6/-,-,5,-,-,-,-,-,-,-,-,-,-,-,-,-,-,0,1,670 C-Bill,20,Clan Jade Falcon,Zollikofen,3127-07-29,3151-02-19,3151-05-13,,,,No,No,Yes,Yes,N/A,N/A,No,0,-2,0,0,0,7,High School,None (-),None (-),None (-),Introverted (+),12
"",Spaceman Recruit,Muldoom,McElroy,,Muldoom,McElroy,,,,19,Active,Male,Regular,Vessel Gunner,Union (Crows Nest) [Gunner],DropShip,-,-/-,-/-,-/-,-/-,-/-,-/-,5/-,-,6,-,-,-,-,-,-,-,-,-,-,-,-,-,-,0,1,670 C-Bill,15,Mercenary,Asta,3131-09-19,3151-02-19,3151-02-19,,,,No,No,No,No,N/A,N/A,No,0,0,0,0,0,15,High School,Hostile (-),None (-),None (-),None (-),13
"",Spaceman Recruit,Bojan,Polak,,Bojan,Polak,,,,23,Active,Male,Regular,Vessel Gunner,Union (Crows Nest) [Gunner],DropShip,-,-/-,-/-,-/-,-/-,-/-,-/-,5/-,-,5,-,-,2,-,-,-,-,-,-,-,-,-,-,-,0,1,670 C-Bill,15,Mercenary,Oliver,3127-09-19,3151-02-19,3151-02-19,,,,No,No,No,Yes,N/A,N/A,No,0,0,0,0,0,9,High School,None (-),None (-),Voracious (+),None (-),15
"",Spaceman Recruit,Annmarie,Khudiadadzai,,Annmarie,Khudiadadzai,,,,25,Active,Female,Regular,Vessel Gunner,Union (Crows Nest) [Gunner],DropShip,-,-/-,-/-,-/-,-/-,-/-,-/-,5/-,-,5,-,-,-,-,-,-,-,-,-,-,-,-,-,-,0,1,670 C-Bill,15,Mercenary,Saffel,3126-04-20,3151-02-19,3151-02-19,,,,No,No,No,Yes,N/A,No,No,0,0,0,0,0,9,High School,None (-),None (-),None (-),Friendly (+),13
"",Petty Officer,Elizabeth,Lawson,,Elizabeth,Lawson,,,,27,Active,Male,Elite,Vessel Crewmember/Mek Tech,Union (Crows Nest) [Crew],DropShip,-,-/-,-/-,-/-,-/-,-/-,-/-,-/5,-,-,-,-,-,-,-,5,-,-,-,4,-,-,-,-,0,1,"1,170 C-Bill",15,Lyran Commonwealth,Nuneaton,3124-03-29,3151-02-19,3151-02-19,,,,No,No,No,N/A,Yes,N/A,No,0,-2,0,0,0,11,Post-Graduate,Brash (-),None (-),None (-),None (-),14
"",,Foloida,Kadee,,Foloida,Kadee,,,,23,Active,Male,None,Dependent,-,-,-,-/-,-/-,-/-,-/-,-/-,-/-,-/-,-,-,-,-,-,-,-,-,-,-,-,-,-,-,-,-,0,0,0 C-Bill,0,Mercenary,Terra,3127-08-17,3151-02-19,,,,,No,No,No,N/A,Yes,N/A,No,0,0,0,0,0,5,Early Childhood,None (-),None (-),None (-),None (-),15
"",Commander,Sam,Hofsteder,,Sam,Hofsteder,,,,26,Active,Male,Elite,Vessel Pilot,Union (Crows Nest) [Crew],DropShip,-,-/-,-/-,-/-,-/-,-/-,-/-,-/3,-,6,-,-,-,-,-,-,-,-,-,4,-,-,-,-,0,1,"2,000 C-Bill",15,Lyran Commonwealth,York (LC),3125-05-01,3151-02-19,3151-02-19,,,,No,No,No,Yes,N/A,N/A,No,0,-2,0,0,0,8,College,Diplomatic (++),None (-),None (-),None (-),12
"",Sergeant,Preki,Drach,,Preki,Drach,,,,20,Active,Male,Elite,Vehicle Gunner,Rommel Tank (Howitzer) Production [Gunner],Charlie Lance,-,-/-,3/-,3/-,3/-,-/-,-/-,-/-,-,-,-,-,-,-,-,-,-,-,-,-,-,-,-,-,0,0,"1,647 C-Bill",0,Mercenary,Rigil Kentarus,3130-08-10,3151-05-13,3151-05-13,,,,No,No,No,No,N/A,N/A,No,0,-2,2,0,0,16,High School,None (-),Opportunistic (+),None (-),None (-),17
"",Captain,Lupe,Christensen,,Lupe,Christensen,,,,20,Active,Female,Elite,Vehicle Gunner,Rommel Tank (Howitzer) Production [Gunner],Charlie Lance,-,-/-,2/-,2/-,2/-,-/-,-/-,-/-,-,6,-,-,-,-,-,-,-,-,-,-,-,-,-,-,0,0,"1,800 C-Bill",0,Mercenary,Yorii,3130-05-29,3151-05-13,3151-05-13,,,,No,No,No,Yes,N/A,Yes,No,0,-2,2,0,0,8,High School,None (-),Aspiring (+),None (-),None (-),12
"",Corporal,Steve,Roecken,,Steve,Roecken,,,,24,Active,Male,Elite,Vehicle Gunner,Rommel Tank (Howitzer) Production [Gunner],Charlie Lance,-,-/-,3/-,3/-,3/-,-/-,-/-,-/-,-,6,-,-,2,-,-,-,-,-,-,-,-,-,-,-,0,0,"1,053 C-Bill",0,Mercenary,Styx,3127-03-08,3151-05-13,3151-05-13,,,,No,No,No,Yes,N/A,N/A,No,0,-2,2,0,0,8,High School,None (-),Unambitious (-),None (-),None (-),12
"",Corporal,Asmara,Tsang,,Asmara,Tsang,,,,20,Active,Male,Elite,Vehicle Gunner,Rommel Tank (Howitzer) Production [Gunner],Charlie Lance,-,-/-,3/-,3/-,3/-,-/-,-/-,-/-,-,5,-,-,-,-,-,-,-,-,-,-,-,-,-,-,0,0,"1,053 C-Bill",0,Mercenary,Bryant,3130-11-11,3151-05-13,3151-05-13,,,,No,No,No,Yes,N/A,N/A,No,0,-2,2,0,0,16,High School,None (-),None (-),None (-),Erratic (-),12
"",Corporal,Hauptmann,Luca Kaplan,,Hauptmann,Luca Kaplan,,,,26,Active,Female,Regular,Vehicle Driver,Rommel Tank (Howitzer) Production [Driver],Charlie Lance,-,-/-,3/5,3/-,3/-,-/-,-/-,-/-,-,5,-,-,-,-,-,-,-,-,-,-,-,-,-,-,0,0,"1,053 C-Bill",0,Mercenary,Dieron,3124-05-14,3151-05-13,3151-05-13,,,,No,No,No,Yes,N/A,Yes,No,1,0,2,0,0,10,High School,Decisive (+),None (-),None (-),None (-),12
"",Sergeant,Patti,Ríos,,Patti,Ríos,,,,26,Active,Female,Veteran,Vehicle Gunner,JES III Missile Carrier [Gunner],Charlie Lance,-,-/-,4/-,4/-,4/-,-/-,-/-,-/-,-,6,-,5,-,-,-,-,-,-,-,-,-,-,-,-,0,0,"1,647 C-Bill",0,Mercenary,Yorii,3124-07-19,3151-05-13,3151-05-13,,,,No,No,No,Yes,N/A,No,No,0,-1,0,0,0,11,High School,None (-),None (-),None (-),Friendly (+),12
"",Corporal,Michael,Hoetker,,Michael,Hoetker,,,,18,Active,Male,Regular,Vehicle Gunner,JES III Missile Carrier [Gunner],Charlie Lance,-,-/-,5/-,5/-,5/-,-/-,-/-,-/-,-,-,-,-,-,-,-,-,-,-,-,-,-,-,-,-,0,0,"1,053 C-Bill",0,Mercenary,Saffel,3132-09-08,3151-05-13,3151-05-13,,,,No,No,No,Yes,N/A,N/A,No,0,0,0,0,0,14,High School,None (-),None (-),None (-),None (-),12
"",Corporal,Mike,Sabourin,,Mike,Sabourin,,,,22,Active,Male,Veteran,Vehicle Gunner,JES III Missile Carrier [Gunner],Charlie Lance,-,-/-,4/-,4/-,4/-,-/-,-/-,-/-,-,6,-,-,-,-,-,-,-,-,-,-,-,-,-,-,0,0,"1,053 C-Bill",0,Mercenary,Denebola,3128-10-08,3151-05-13,3151-05-13,,,,No,No,No,Yes,N/A,N/A,No,0,-1,0,0,0,14,College,Hostile (-),None (-),None (-),None (-),12
"",Corporal,Bimo,Soedjatmoko,,Bimo,Soedjatmoko,,,,17,Active,Male,Regular,Vehicle Driver,JES III Missile Carrier [Driver],Charlie Lance,-,-/-,4/5,4/-,4/-,-/-,-/-,-/-,-,7,-,-,-,-,-,-,-,-,-,-,-,-,-,-,0,0,"1,053 C-Bill",0,Mercenary,Dyev,3133-05-30,3151-05-13,3151-05-13,,,,No,No,No,Yes,N/A,N/A,No,0,0,0,0,0,13,High School,None (-),None (-),Mercenary (-),Petty (-),13
"",Sergeant,Gerardo,Hernández,,Gerardo,Hernández,,,,19,Active,Other,Green,Vehicle Gunner,Drillson Heavy Hover Tank (Streak) [Gunner],Charlie Lance,-,-/-,6/-,6/-,6/-,-/-,-/-,-/-,-,6,-,-,2,-,-,-,-,-,-,-,-,-,-,-,0,0,"1,647 C-Bill",0,Mercenary,Thorin,3131-07-10,3151-05-13,3151-05-13,,,,No,No,No,Yes,N/A,N/A,No,0,0,0,0,0,19,High School,None (-),Aspiring (+),Nefarious (--),None (-),12
"",Corporal,Firdoze,Shirani,,Firdoze,Shirani,,,,21,Active,Male,Elite,Vehicle Gunner,Drillson Heavy Hover Tank (Streak) [Gunner],Charlie Lance,-,-/-,3/-,3/-,3/-,-/-,-/-,-/-,-,-,-,-,-,-,-,-,-,-,-,-,-,-,-,-,0,0,"1,053 C-Bill",0,Mercenary,Yorii,3129-05-14,3151-05-13,3151-05-13,,,,No,No,No,Yes,N/A,N/A,No,0,-2,0,0,0,10,College,Assertive (+),None (-),None (-),None (-),15
"",Corporal,Juan,Reyes,,Juan,Reyes,,,,21,Active,Male,Elite,Vehicle Gunner,Drillson Heavy Hover Tank (Streak) [Gunner],Charlie Lance,-,-/-,3/-,3/-,3/-,-/-,-/-,-/-,-,6,-,-,-,-,-,-,-,-,-,-,-,-,-,-,0,0,"1,053 C-Bill",0,Mercenary,New Home,3129-06-03,3151-05-13,3151-05-13,,,,No,No,No,Yes,N/A,N/A,No,0,-2,0,0,0,6,High School,None (-),None (-),Insightful (+),None (-),12
"",Corporal,Kyle,Stewart,,Kyle,Stewart,,,,20,Active,Male,Regular,Vehicle Driver,Drillson Heavy Hover Tank (Streak) [Driver],Charlie Lance,-,-/-,4/5,4/-,4/-,-/-,-/-,-/-,-,6,-,-,-,-,-,-,-,-,-,-,-,-,-,-,0,0,"1,053 C-Bill",0,Mercenary,Muphrid,3130-08-09,3151-05-13,3151-05-13,,,,No,No,No,Yes,N/A,N/A,No,0,0,0,0,0,8,High School,None (-),None (-),Insatiable (-),None (-),10
"",Corporal,Neritan,Mala,,Neritan,Mala,,,,25,Active,Female,Regular,Battle Armor Pilot,Gray Death Standard Suit [SRM](Sqd4),Charlie Lance,-,-/-,-/-,-/-,-/-,-/-,-/-,-/-,4,6,6,-,-,-,-,-,-,-,-,-,-,-,-,-,0,0,"1,685 C-Bill",0,Mercenary,Altair,3125-08-04,3151-05-13,3151-05-13,,,,No,No,No,Yes,N/A,Yes,No,0,0,0,0,0,13,High School,None (-),Goal-Oriented (+),None (-),None (-),12
"",Corporal,Joo-Eun,Pak,,Joo-Eun,Pak,,,,27,Active,Female,Elite,Battle Armor Pilot/Battle Armor Tech,Gray Death Standard Suit [SRM](Sqd4),Charlie Lance,-,-/-,-/-,-/-,-/-,-/-,-/-,-/-,1,5,5,-,-,-,-,-,-,-,5,-,-,-,-,-,0,0,"1,685 C-Bill",0,Mercenary,Caph,3123-08-01,3151-05-13,3151-05-13,,,,No,No,No,No,N/A,Yes,No,0,-2,0,0,0,12,College,None (-),Persistent (+),None (-),None (-),12
"",Corporal,Suvarnaprabha,Fotiadis,,Suvarnaprabha,Fotiadis,,,,17,Active,Female,Green,Battle Armor Pilot,Gray Death Standard Suit [SRM](Sqd4),Charlie Lance,-,-/-,-/-,-/-,-/-,-/-,-/-,-/-,5,7,7,-,-,-,-,-,-,-,-,-,-,-,-,-,0,0,"1,685 C-Bill",0,Mercenary,Pike IV,3133-09-22,3151-05-13,3151-05-13,,,,No,No,No,Yes,N/A,No,No,0,0,0,0,0,10,High School,None (-),None (-),None (-),None (-),17
"",Sergeant,Terry,Hoan,,Terry,Hoan,,,,28,Active,Male,Veteran,Battle Armor Pilot,Gray Death Standard Suit [SRM](Sqd4),Charlie Lance,-,-/-,-/-,-/-,-/-,-/-,-/-,-/-,3,5,5,-,-,-,-,-,-,-,-,-,-,-,-,-,0,0,"2,635 C-Bill",0,Mercenary,Yorii,3122-09-21,3151-05-13,3151-05-13,,,,No,No,No,Yes,N/A,N/A,No,0,-1,0,0,0,15,High School,None (-),None (-),Astute (+),None (-),12
"",Corporal,Isolde,Jovic,,Isolde,Jovic,,,,34,Active,Male,Green,Soldier,Foot Platoon (Anti-'Mech) (Rifle),Charlie Lance,-,-/-,-/-,-/-,-/-,-/-,-/-,-/-,-,6,-,-,4,-,-,-,-,-,-,-,-,-,-,-,0,0,878 C-Bill,0,Mercenary,Zavijava,3116-06-30,3151-05-13,3151-05-13,,,,No,No,No,Yes,N/A,N/A,No,0,0,0,0,0,11,College,None (-),None (-),None (-),None (-),17
"",Corporal,Yoshida,Murata,,Yoshida,Murata,,,,21,Active,Male,Veteran,Soldier,Foot Platoon (Anti-'Mech) (Rifle),Charlie Lance,-,-/-,-/-,-/-,-/-,-/-,-/-,-/-,-,4,-,-,2,-,-,-,-,-,-,-,-,-,-,-,0,0,878 C-Bill,0,Mercenary,Epsilon Indi,3130-01-10,3151-05-13,3151-05-13,,,,No,No,No,Yes,N/A,N/A,No,0,-1,0,0,0,14,High School,Inflexible (-),None (-),None (-),None (-),12
"",Corporal,Jay-hoon,Ramírez,,Jay-hoon,Ramírez,,,,20,Active,Male,Elite,Soldier,Foot Platoon (Anti-'Mech) (Rifle),Charlie Lance,-,-/-,-/-,-/-,-/-,-/-,-/-,-/-,-,3,-,6,-,-,-,-,-,-,-,-,-,-,-,-,0,0,878 C-Bill,0,Mercenary,Capolla,3130-11-24,3151-05-13,3151-05-13,,,,No,No,No,Yes,N/A,N/A,No,0,-2,0,0,0,14,High School,Decisive (+),None (-),None (-),None (-),12
"",Corporal,Stanislav,Sibincic,,Stanislav,Sibincic,,,,18,Active,Male,Veteran,Soldier,Foot Platoon (Anti-'Mech) (Rifle),Charlie Lance,-,-/-,-/-,-/-,-/-,-/-,-/-,-/-,-,4,-,-,-,-,-,-,-,-,-,-,-,-,-,-,0,0,878 C-Bill,0,Mercenary,Epsilon Eridani,3132-08-13,3151-05-13,3151-05-13,,,,No,No,No,No,N/A,N/A,No,0,-1,0,0,0,14,College,None (-),None (-),None (-),Callous (-),12
"",Corporal,Tito,Gruska,,Tito,Gruska,,,,27,Active,Male,Elite,Soldier,Foot Platoon (Anti-'Mech) (Rifle),Charlie Lance,-,-/-,-/-,-/-,-/-,-/-,-/-,-/-,-,3,-,-,-,-,-,-,-,-,-,-,-,-,-,-,0,0,878 C-Bill,0,Mercenary,Pike IV,3123-11-05,3151-05-13,3151-05-13,,,,No,No,No,Yes,N/A,N/A,No,0,-2,0,0,0,12,High School,None (-),None (-),None (-),None (-),16
"",Corporal,Kha'n,Drewry,,Kha'n,Drewry,,,,21,Active,Male,Elite,Soldier,Foot Platoon (Anti-'Mech) (Rifle),Charlie Lance,-,-/-,-/-,-/-,-/-,-/-,-/-,-/-,-,3,-,-,-,-,-,-,-,-,-,-,-,-,-,-,0,0,878 C-Bill,0,Mercenary,Imbros III,3130-01-16,3151-05-13,3151-05-13,,,,No,No,No,Yes,N/A,N/A,No,0,-2,0,0,0,11,High School,None (-),Unambitious (-),None (-),None (-),12
"",Sergeant,Talos,Plastiras,,Talos,Plastiras,,,,29,Active,Male,Veteran,Soldier,Foot Platoon (Anti-'Mech) (Rifle),Charlie Lance,-,-/-,-/-,-/-,-/-,-/-,-/-,-/-,-,4,-,-,-,-,-,-,-,-,-,-,-,-,-,-,0,0,"1,372 C-Bill",0,Mercenary,Athenry,3122-03-21,3151-05-13,3151-05-13,,,,No,No,No,Yes,N/A,N/A,No,0,-1,0,0,0,14,High School,None (-),None (-),Dynamic (+),None (-),12
"",Corporal,Jennifer,Shetty,,Jennifer,Shetty,,,,20,Active,Female,Green,Soldier,Foot Platoon (Anti-'Mech) (Rifle),Charlie Lance,-,-/-,-/-,-/-,-/-,-/-,-/-,-/-,-,6,-,5,2,-,-,-,-,-,-,-,-,-,-,-,0,0,878 C-Bill,0,Mercenary,Styx,3130-09-03,3151-05-13,3151-05-13,,,,No,No,No,Yes,N/A,No,No,0,0,0,0,0,12,High School,None (-),None (-),None (-),Considerate (+),12
"",Corporal,Thomasina,Nance,,Thomasina,Nance,,,,18,Active,Female,Veteran,Soldier,Foot Platoon (Anti-'Mech) (Rifle),Charlie Lance,-,-/-,-/-,-/-,-/-,-/-,-/-,-/-,-,4,-,6,-,-,-,-,-,-,-,-,-,-,-,-,0,0,878 C-Bill,0,Mercenary,Alula Australis,3132-10-06,3151-05-13,3151-05-13,,,,No,No,No,Yes,N/A,Yes,No,0,-1,0,0,0,11,High School,None (-),None (-),Self-Serving (-),Persuasive (+),12
"",Corporal,Amir,le Guen,,Amir,le Guen,,,,20,Active,Male,Elite,Soldier,Foot Platoon (Anti-'Mech) (Rifle),Charlie Lance,-,-/-,-/-,-/-,-/-,-/-,-/-,-/-,-,3,-,-,2,-,-,-,-,-,-,-,-,-,-,-,0,0,878 C-Bill,0,Mercenary,Caph,3130-08-15,3151-05-13,3151-05-13,,,,No,No,No,No,N/A,N/A,No,0,-2,0,0,0,15,High School,None (-),Innovative (++),None (-),None (-),12
"",Corporal,Claude,Paquet,,Claude,Paquet,,,,22,Active,Male,Regular,Soldier,Foot Platoon (Anti-'Mech) (Rifle),Charlie Lance,-,-/-,-/-,-/-,-/-,-/-,-/-,-/-,-,5,-,-,2,-,-,-,-,-,-,-,-,-,-,-,0,0,878 C-Bill,0,Mercenary,Imbros III,3129-04-29,3151-05-13,3151-05-13,,,,No,No,No,Yes,N/A,N/A,No,0,0,0,0,0,10,College,Savage (--),None (-),None (-),None (-),11
"",Corporal,Bento,Jaudenes,,Bento,Jaudenes,,,,27,Active,Male,Elite,Soldier,Foot Platoon (Anti-'Mech) (Rifle),Charlie Lance,-,-/-,-/-,-/-,-/-,-/-,-/-,-/-,-,2,-,-,-,-,-,-,-,-,-,-,-,-,-,-,0,0,878 C-Bill,0,Mercenary,Lipton,3124-04-29,3151-05-13,3151-05-13,,,,No,No,No,Yes,N/A,N/A,No,0,-2,0,0,0,11,College,Daring (+),None (-),None (-),None (-),12
"",Corporal,Dennis,Xiong,,Dennis,Xiong,,,,23,Active,Male,Elite,Soldier,Foot Platoon (Anti-'Mech) (Rifle),Charlie Lance,-,-/-,-/-,-/-,-/-,-/-,-/-,-/-,-,2,-,-,2,-,-,-,-,-,-,-,-,-,-,-,0,0,878 C-Bill,0,Mercenary,Lipton,3128-04-21,3151-05-13,3151-05-13,,,,No,No,No,Yes,N/A,N/A,No,0,-2,0,0,0,14,High School,Reckless (-),None (-),None (-),None (-),12
"",Sergeant,Ryan,Gray,,Ryan,Gray,,,,26,Active,Male,Elite,Soldier,Foot Platoon (Anti-'Mech) (Rifle),Charlie Lance,-,-/-,-/-,-/-,-/-,-/-,-/-,-/-,-,2,-,-,-,-,-,-,-,-,-,-,-,-,-,-,0,0,"1,372 C-Bill",0,Mercenary,Yorii,3124-09-25,3151-05-13,3151-05-13,,,,No,No,No,Yes,N/A,N/A,No,0,-2,0,0,0,14,High School,Aggressive (-),None (-),None (-),None (-),13
"",Corporal,Markus,Plihta,,Markus,Plihta,,,,20,Active,Male,Veteran,Soldier,Foot Platoon (Anti-'Mech) (Rifle),Charlie Lance,-,-/-,-/-,-/-,-/-,-/-,-/-,-/-,-,4,-,-,-,-,-,-,-,-,-,-,-,-,-,-,0,0,878 C-Bill,0,Mercenary,Tau Ceti,3131-03-31,3151-05-13,3151-05-13,,,,No,No,No,Yes,N/A,N/A,No,0,-1,0,0,0,5,High School,None (-),Aspiring (+),None (-),None (-),12
"",Corporal,Bin,Mei,,Bin,Mei,,,,19,Active,Male,Elite,Soldier,Foot Platoon (Anti-'Mech) (Rifle),Charlie Lance,-,-/-,-/-,-/-,-/-,-/-,-/-,-/-,-,3,-,-,-,-,-,-,-,-,-,-,-,-,-,-,0,0,878 C-Bill,0,Mercenary,Pollux,3131-06-24,3151-05-13,3151-05-13,,,,No,No,No,No,N/A,N/A,No,0,-2,0,0,0,6,High School,None (-),Unscrupulous (-),None (-),None (-),12
"",Corporal,Luso,Taptalov,,Luso,Taptalov,,,,25,Active,Female,Regular,Soldier,Foot Platoon (Anti-'Mech) (Rifle),Charlie Lance,-,-/-,-/-,-/-,-/-,-/-,-/-,-/-,-,5,-,-,-,-,-,-,-,-,-,-,-,-,-,-,0,0,878 C-Bill,0,Mercenary,New Home,3125-08-26,3151-05-13,3151-05-13,,,,No,No,No,No,N/A,Yes,No,0,0,0,0,0,11,High School,Daring (+),None (-),None (-),None (-),12
"",Corporal,Hayden,Jackson,,Hayden,Jackson,,,,26,Active,Male,Veteran,Soldier,Foot Platoon (Anti-'Mech) (Rifle),Charlie Lance,-,-/-,-/-,-/-,-/-,-/-,-/-,-/-,-,4,-,-,-,-,-,-,-,-,-,-,-,-,-,-,0,0,878 C-Bill,0,Mercenary,Capolla,3124-06-21,3151-05-13,3151-05-13,,,,No,No,No,Yes,N/A,N/A,No,0,-1,0,0,0,6,College,None (-),Controlling (-),Insightful (+),None (-),12
"",Corporal,Clifton,Owoduni,,Clifton,Owoduni,,,,22,Active,Male,Veteran,Soldier,Foot Platoon (Anti-'Mech) (Rifle),Charlie Lance,-,-/-,-/-,-/-,-/-,-/-,-/-,-/-,-,4,-,-,2,-,-,-,-,-,-,-,-,-,-,-,0,0,878 C-Bill,0,Mercenary,Outreach,3128-10-08,3151-05-13,3151-05-13,,,,No,No,No,N/A,Yes,N/A,No,0,-1,0,0,0,10,High School,None (-),Resourceful (++),Tactical (+),None (-),12
"",,Miren,López,,Miren,López,,,,22,Active,Female,None,Dependent,-,-,-,-/-,-/-,-/-,-/-,-/-,-/-,-/-,-,-,-,-,-,-,-,-,-,-,-,-,-,-,-,-,0,0,0 C-Bill,0,Mercenary,Terra,3129-01-24,3151-05-13,,,,,No,No,No,N/A,Yes,Yes,No,0,0,0,0,0,11,High School,None (-),None (-),None (-),Apathetic (-),12
"",Corporal,Martina,Cobrella,,Martina,Cobrella,,,,25,Active,Female,Regular,Soldier,Foot Platoon (Anti-'Mech) (Rifle),Charlie Lance,-,-/-,-/-,-/-,-/-,-/-,-/-,-/-,-,5,-,-,-,-,-,-,-,-,-,-,-,-,-,-,0,0,878 C-Bill,0,Mercenary,Menkent,3125-10-14,3151-05-13,3151-05-13,,,,No,No,No,Yes,N/A,No,No,0,0,0,0,0,14,High School,None (-),Calculating (+),None (-),None (-),12
"",Sergeant,Guo-fang,Zhào,,Guo-fang,Zhào,,,,28,Active,Male,Elite,Soldier,Foot Platoon (Anti-'Mech) (Rifle),Charlie Lance,-,-/-,-/-,-/-,-/-,-/-,-/-,-/-,-,2,-,-,-,-,-,-,-,-,-,-,-,-,-,-,0,0,"1,372 C-Bill",0,Mercenary,Styx,3122-07-30,3151-05-13,3151-05-13,,,,No,No,No,Yes,N/A,N/A,No,0,-2,0,0,0,4,College,None (-),Goal-Oriented (+),None (-),None (-),12
"",Corporal,Melissa,Bloeckner,,Melissa,Bloeckner,,,,25,Active,Female,Elite,Soldier,Foot Platoon (Anti-'Mech) (Rifle),Charlie Lance,-,-/-,-/-,-/-,-/-,-/-,-/-,-/-,-,2,-,-,2,-,-,-,-,-,-,-,-,-,-,-,0,0,878 C-Bill,0,Mercenary,Chara (Pacifica),3125-09-25,3151-05-13,3151-05-13,,,,No,No,No,Yes,N/A,Yes,No,0,-2,0,0,0,6,High School,None (-),None (-),None (-),Inspiring (+),12
"",Corporal,Isabel,Klah,,Isabel,Klah,,,,22,Active,Female,Regular,Soldier,Foot Platoon (Anti-'Mech) (Rifle),Charlie Lance,-,-/-,-/-,-/-,-/-,-/-,-/-,-/-,-,5,-,-,-,-,-,-,-,-,-,-,-,-,-,-,0,0,878 C-Bill,0,Mercenary,Pike IV,3128-07-22,3151-05-13,3151-05-13,,,,No,No,No,Yes,N/A,Yes,No,0,0,0,0,0,10,High School,None (-),None (-),None (-),None (-),13
"",Corporal,Gareth,Bedser,,Gareth,Bedser,,,,21,Active,Male,Veteran,Soldier,Foot Platoon (Anti-'Mech) (Rifle),Charlie Lance,-,-/-,-/-,-/-,-/-,-/-,-/-,-/-,-,4,-,-,-,-,-,-,-,-,-,-,-,-,-,-,0,0,878 C-Bill,0,Mercenary,Procyon,3129-07-20,3151-05-13,3151-05-13,,,,No,No,No,Yes,N/A,N/A,No,0,-1,0,0,0,10,College,None (-),None (-),None (-),Untrustworthy (-),12
"",Corporal,Carolyn,Torres,,Carolyn,Torres,,,,28,Active,Female,Elite,Soldier,Foot Platoon (Anti-'Mech) (Rifle),Charlie Lance,-,-/-,-/-,-/-,-/-,-/-,-/-,-/-,-,3,-,-,3,-,-,-,-,-,-,-,-,-,-,-,0,0,878 C-Bill,0,Mercenary,Thorin,3122-05-28,3151-05-13,3151-05-13,,,,No,No,No,Yes,N/A,Yes,No,0,-2,0,0,0,11,College,Bold (+),Motivated (+),None (-),None (-),16
"",Corporal,Kinnosuke,Ozaki,,Kinnosuke,Ozaki,,,,22,Active,Male,Elite,Soldier,Foot Platoon (Anti-'Mech) (Rifle),Charlie Lance,-,-/-,-/-,-/-,-/-,-/-,-/-,-/-,-,2,-,-,-,-,-,-,-,-,-,-,-,-,-,-,0,0,878 C-Bill,0,Mercenary,Lipton,3128-05-16,3151-05-13,3151-05-13,,,,No,No,No,No,N/A,N/A,No,0,-2,0,0,0,12,College,None (-),None (-),Self-Serving (-),None (-),10
"",Sergeant,Ian,Westerbos,,Ian,Westerbos,,,,29,Active,Male,Veteran,Soldier,Foot Platoon (Anti-'Mech) (Rifle),Charlie Lance,-,-/-,-/-,-/-,-/-,-/-,-/-,-/-,-,4,-,-,-,-,-,-,-,-,-,-,-,-,-,-,0,0,"1,372 C-Bill",0,Mercenary,Asta,3122-01-25,3151-05-13,3151-05-13,,,,No,No,No,Yes,N/A,N/A,No,1,-1,0,0,0,13,College,Impetuous (-),None (-),None (-),None (-),12
"",Lieutenant JG,Annika,Pensomn,,Annika,Pensomn,,,,17,Active,Female,Elite,Soldier,Foot Platoon (Anti-'Mech) (Rifle),Charlie Lance,-,-/-,-/-,-/-,-/-,-/-,-/-,-/-,-,2,-,-,-,-,-,-,-,-,-,-,-,-,-,-,0,0,998 C-Bill,0,Mercenary,Capolla,3133-10-05,3151-05-13,3151-05-13,,,,No,No,No,Yes,N/A,No,No,0,-2,0,0,0,9,High School,None (-),Strategic (+),None (-),Receptive (+),12
"",Sergeant,Maurício,Losano,,Maurício,Losano,,,,20,Active,Male,Veteran,Vehicle Gunner,Bandit Hovercraft I [Gunner],Charlie Lance,-,-/-,4/-,4/-,4/-,-/-,-/-,-/-,-,-,-,-,-,-,-,-,-,-,-,-,-,-,-,-,0,0,"1,647 C-Bill",0,Mercenary,Northwind,3130-12-11,3151-05-13,3151-05-13,,,,No,No,No,Yes,N/A,N/A,No,0,-1,0,0,0,18,High School,None (-),Energetic (+),None (-),None (-),12
"",Corporal,Wanting,Trydal,,Wanting,Trydal,,,,21,Active,Female,Regular,Vehicle Gunner,Bandit Hovercraft I [Gunner],Charlie Lance,-,-/-,5/-,5/-,5/-,-/-,-/-,-/-,-,6,-,-,-,-,-,-,-,-,-,-,-,-,-,-,0,0,"1,053 C-Bill",0,Mercenary,Dieron,3129-12-26,3151-05-13,3151-05-13,,,,No,No,No,Yes,N/A,No,No,0,0,0,0,0,13,High School,None (-),None (-),None (-),None (-),12
"",Corporal,Callum,MacQuistan,,Callum,MacQuistan,,,,18,Active,Male,Veteran,Vehicle Gunner,Bandit Hovercraft I [Gunner],Charlie Lance,-,-/-,4/-,4/-,4/-,-/-,-/-,-/-,-,5,-,-,-,-,-,-,-,-,-,-,-,-,-,-,0,0,"1,053 C-Bill",0,Mercenary,Oliver,3133-04-27,3151-05-13,3151-05-13,,,,No,No,No,Yes,N/A,N/A,No,0,-1,0,0,0,11,High School,None (-),None (-),None (-),Erratic (-),14
"",Corporal,Todd,Zhi,,Todd,Zhi,,,,17,Active,Male,Regular,Vehicle Driver,Bandit Hovercraft I [Driver],Charlie Lance,-,-/-,4/5,4/-,4/-,-/-,-/-,-/-,-,7,-,-,1,-,-,-,-,-,-,-,-,-,-,-,0,0,"1,053 C-Bill",0,Mercenary,Tyrfing,3133-11-24,3151-05-13,3151-05-13,,,,No,No,No,Yes,N/A,N/A,No,0,0,0,0,0,9,Early Childhood,Daring (+),None (-),None (-),None (-),12
"",Tech 1st Class,Sameeha,Sayyar,,Sameeha,Sayyar,,,,26,Active,Female,Regular,Mek Tech,Shadow Hawk IIC 8 (240m),-,-,-/-,-/-,-/-,-/-,-/-,-/-,-/-,-,-,-,-,-,-,-,6,-,-,-,-,-,-,-,-,0,0,936 C-Bill,0,Draconis Combine,Nirasaki,3124-07-04,3151-05-13,3151-05-13,,,,No,No,No,Yes,N/A,No,No,0,0,0,0,0,10,High School,Intrepid (+),None (-),None (-),None (-),13
"",Tech 1st Class,Iffat,Entee,,Iffat,Entee,,,,21,Active,Female,Green,Mek Tech,-,-,-,-/-,-/-,-/-,-/-,-/-,-/-,-/-,-,-,-,-,-,-,-,7,-,-,-,-,-,-,-,-,0,0,936 C-Bill,0,Mercenary,Terra Firma,3129-06-22,3151-05-13,3151-05-13,,,,No,No,No,Yes,N/A,No,No,0,0,0,0,0,10,High School,None (-),None (-),None (-),Empathetic (+),14
"",Tech 1st Class,Mihàil,Daci,,Mihàil,Daci,,,,18,Active,Male,Green,Mek Tech,-,-,-,-/-,-/-,-/-,-/-,-/-,-/-,-/-,-,-,-,-,-,-,-,7,-,-,-,-,-,-,-,-,0,0,936 C-Bill,0,Capellan Confederation,Epsilon Indi,3133-01-20,3151-05-13,3151-05-13,,,,No,No,No,Yes,N/A,N/A,No,0,0,0,0,0,6,High School,None (-),None (-),Greedy (-),None (-),12
"",Tech 1st Class,Lu-shan,Bing,,Lu-shan,Bing,,,,25,Active,Male,Regular,Mek Tech,-,-,-,-/-,-/-,-/-,-/-,-/-,-/-,-/-,-,-,-,-,-,-,-,6,-,-,-,-,-,-,-,-,0,0,936 C-Bill,0,Republic of the Sphere,Caph,3126-03-08,3151-05-13,3151-05-13,,,,No,No,No,Yes,N/A,N/A,No,0,0,0,0,0,12,High School,None (-),None (-),None (-),Disingenuous (-),13
"",Tech 1st Class,Daryl,Mak,,Daryl,Mak,,,,19,Active,Male,Regular,Mek Tech,-,-,-,-/-,-/-,-/-,-/-,-/-,-/-,-/-,-,-,-,-,-,-,-,6,-,-,-,-,-,-,-,-,0,0,936 C-Bill,0,Mercenary,Menkent,3131-09-15,3151-05-13,3151-05-13,,,,No,No,No,Yes,N/A,N/A,No,0,0,0,0,0,9,College,Overbearing (-),None (-),None (-),None (-),12
"",Tech 1st Class,Rolf,,,Rolf,,,,,22,Active,Male,Regular,Freeborn Mek Tech,Black Hawk (Nova) S (240m),-,-,-/-,-/-,-/-,-/-,-/-,-/-,-/-,-,-,-,-,-,-,-,6,-,-,-,-,-,-,-,-,0,0,936 C-Bill,0,Clan Jade Falcon,Menkent,3129-02-05,3151-05-13,3151-05-13,,,,No,No,Yes,Yes,N/A,N/A,No,0,-2,0,0,0,9,High School,None (-),None (-),None (-),None (-),9
"",Tech 1st Class,Svatoslav,Weckend,,Svatoslav,Weckend,,,,26,Active,Male,Regular,Mek Tech,Locust LCT-7V2 (180m),-,-,-/-,-/-,-/-,-/-,-/-,-/-,-/-,-,-,-,-,-,-,-,6,-,-,-,-,-,-,-,-,0,0,936 C-Bill,0,Republic of the Sphere,Caph,3124-07-18,3151-05-13,3151-05-13,,,,No,No,No,Yes,N/A,N/A,No,0,0,0,0,0,10,College,None (-),None (-),None (-),Apathetic (-),12
"",Doctor,Dr Lloyd,Celaster,Dr,Lloyd,Celaster,,,,20,Active,Male,Veteran,Freeborn Doctor,-,-,-,-/-,-/-,-/-,-/-,-/-,-/-,-/-,-,-,-,-,-,-,-,-,-,-,-,-,5,-,-,-,0,0,"3,000 C-Bill",0,Clan Jade Falcon,Muphrid,3130-10-21,3151-05-13,3151-05-13,,,,No,No,Yes,Yes,N/A,N/A,No,0,-3,0,0,0,15,Early Childhood,None (-),None (-),Hoarding (-),None (-),12
"",Tech 1st Class,Sabeeka,Yasar,,Sabeeka,Yasar,,,,21,Active,Female,Regular,Mechanic,JES III Missile Carrier (300m),-,-,-/-,-/-,-/-,-/-,-/-,-/-,-/-,-,-,-,-,-,-,-,-,-,6,-,-,-,-,-,-,0,0,936 C-Bill,0,Interstellar Expeditions,Tyrfing,3130-04-21,3151-05-13,3151-05-13,,,,No,No,No,Yes,N/A,Yes,No,1,0,0,0,0,12,High School,None (-),None (-),None (-),Irritable (-),12
"",Tech 1st Class,Wagih,Toto,,Wagih,Toto,,,,25,Active,Male,Veteran,Mechanic,Bandit Hovercraft I (200m),-,-,-/-,-/-,-/-,-/-,-/-,-/-,-/-,-,-,-,-,-,-,-,-,-,5,-,-,-,-,-,-,0,0,936 C-Bill,0,Mercenary,Epsilon Eridani,3125-08-27,3151-05-13,3151-05-13,,,,No,No,No,Yes,N/A,N/A,No,0,-1,0,0,0,12,College,None (-),None (-),None (-),Empathetic (+),12
"",Tech 1st Class,Karina,Larsen,,Karina,Larsen,,,,21,Active,Female,Green,Mechanic,Rommel Tank (Howitzer) Production (300m),-,-,-/-,-/-,-/-,-/-,-/-,-/-,-/-,-,-,-,-,-,-,-,-,-,7,-,-,-,-,-,-,0,0,936 C-Bill,0,Mercenary,Pike IV,3130-05-08,3151-05-13,3151-05-13,,,,No,No,No,Yes,N/A,Yes,No,0,0,0,0,0,14,High School,Impulsive (-),None (-),None (-),None (-),12
"",Tech 1st Class,Mckenna,Karsumaatmaja,,Mckenna,Karsumaatmaja,,,,22,Active,Female,Regular,Mechanic,Drillson Heavy Hover Tank (Streak) (200m),-,-,-/-,-/-,-/-,-/-,-/-,-/-,-/-,-,-,-,-,-,-,-,-,-,6,-,-,-,-,-,-,0,0,936 C-Bill,0,Republic of the Sphere,Caph,3128-08-25,3151-05-13,3151-05-13,,,,No,No,No,Yes,N/A,No,No,0,0,0,0,0,12,High School,Intrepid (+),Diligent (+),None (-),None (-),14
"",MedTech 1st Class,Shan-tang,Huang,,Shan-tang,Huang,,,,26,Active,Male,Ultra-Green,Medic,-,-,-,-/-,-/-,-/-,-/-,-/-,-/-,-/-,-,-,-,-,-,-,-,-,-,-,-,-,-,-,-,-,0,0,468 C-Bill,0,Mercenary,Carver V,3124-07-11,3151-05-13,3151-05-13,,,,No,No,No,Yes,N/A,N/A,No,-1,0,0,0,0,16,High School,None (-),None (-),None (-),None (-),14
"",MedTech 1st Class,Lizabeta,,,Lizabeta,,,,,21,Active,Female,Ultra-Green,Freeborn Medic,-,-,-,-/-,-/-,-/-,-/-,-/-,-/-,-/-,-,-,-,-,-,-,-,-,-,-,-,-,-,-,-,-,0,0,468 C-Bill,0,Clan Jade Falcon,Thorin,3129-10-05,3151-05-13,3151-05-13,,,,No,No,Yes,Yes,N/A,No,No,0,-2,0,0,0,11,High School,None (-),None (-),Hoarding (-),Indifferent (-),11
"",MedTech 1st Class,Higino,Perenno,,Higino,Perenno,,,,18,Active,Male,Ultra-Green,Medic,-,-,-,-/-,-/-,-/-,-/-,-/-,-/-,-/-,-,-,-,-,-,-,-,-,-,-,-,-,-,-,-,-,0,0,468 C-Bill,0,Mercenary,Graham IV,3133-02-21,3151-05-13,3151-05-13,,,,No,No,No,Yes,N/A,N/A,No,0,0,0,0,0,7,Early Childhood,None (-),None (-),None (-),None (-),14
"",MedTech 1st Class,Stanley,Zisimides,,Stanley,Zisimides,,,,23,Active,Other,Ultra-Green,Medic,-,-,-,-/-,-/-,-/-,-/-,-/-,-/-,-/-,-,-,-,-,-,-,-,-,-,-,-,-,-,-,-,-,0,0,468 C-Bill,0,Mercenary,Rigil Kentarus,3127-10-10,3151-05-13,3151-05-13,,,,No,No,No,Yes,N/A,N/A,No,0,0,0,0,0,15,High School,None (-),Energetic (+),None (-),Pompous (--),10
"",Tech 1st Class,Soterios,,,Soterios,,,,,21,Active,Male,Green,Freeborn Admin/Command,-,-,-,-/-,-/-,-/-,-/-,-/-,-/-,-/-,-,-,-,-,-,-,-,-,-,-,-,-,-,4,-,-,0,0,585 C-Bill,0,Clan Jade Falcon,Muphrid,3129-11-10,3151-05-13,3151-05-13,,,,No,No,Yes,Yes,N/A,N/A,No,1,-2,0,0,0,7,Post-Graduate,None (-),Resilient (+),None (-),None (-),12
"",Tech 1st Class,Gorane,López,,Gorane,López,,,,18,Active,Female,Green,Admin/Logistical,-,-,-,-/-,-/-,-/-,-/-,-/-,-/-,-/-,-,-,-,-,-,-,-,-,-,-,-,-,-,4,-,-,0,0,585 C-Bill,0,Mercenary,Menkent,3133-03-29,3151-05-13,3151-05-13,,,,No,No,No,Yes,N/A,No,No,0,0,0,0,0,9,High School,None (-),Aspiring (+),None (-),None (-),14
"",Tech 1st Class,Mary,Thommana,,Mary,Thommana,,,,20,Active,Female,Green,Admin/Transport,-,-,-,-/-,-/-,-/-,-/-,-/-,-/-,-/-,-,-,-,-,-,-,-,-,-,-,-,-,-,4,-,-,0,0,585 C-Bill,0,Mercenary,Keid,3131-01-05,3151-05-13,3151-05-13,,,,No,No,No,Yes,N/A,Yes,No,0,0,0,0,0,13,High School,None (-),None (-),Insatiable (-),None (-),12
"",Tech 1st Class,Sonia,Sukarno,,Sonia,Sukarno,,,,23,Active,Female,Green,Admin/HR,-,-,-,-/-,-/-,-/-,-/-,-/-,-/-,-/-,-,-,-,-,-,-,-,-,-,-,-,-,-,4,-,-,0,0,585 C-Bill,0,Mercenary,Graham IV,3128-01-16,3151-05-13,3151-05-13,,,,No,No,No,Yes,N/A,Yes,No,0,0,0,0,0,11,High School,None (-),None (-),Avaricious (-),Neglectful (-),12
