Person,Rank,First Name,Last Name,Pre-Nominal,Given Name,Surname,Bloodname,Post-Nominal,Callsign,Age,Status,Gender,Skill Level,Profession,Unit Assignment,Force,Deployed,Mek,Vehicle,Naval,VTOL,Aero,Aircraft,Vessel,Battle Armour,Small Arms,Anti-Mek,Artillery,Tactics,Strategy,Leadership,Tech/Mek,Tech/Aero,Mechanic,Tech/BA,Tech/Vessel,Medical,Admin,Negotiation,Scrounge,Injuries,Kills,Salary,XP,Origin Faction,Origin Planet,Birthday,Recruitment Date,Last Rank Change,Due Date,Retirement Date,Death Date,Commander,Founder,Clan Personnel,Interested in Marriage,Divorceable,Interested in Children,Excluded from Random Death,Toughness,Connections,Wealth,Reputation,Unlucky,Fatigue,Edge,SPA Count,Implant Count,Loyalty,Education,Aggression,Ambition,Greed,Social,Reasoning,Strength,Body,Reflexes,Dexterity,Intelligence,Willpower,Charisma
"",Sergeant,Rufus,Langdon,,Rufus,Langdon,,,Odyssey,3126-06-01,Active,Male,Veteran,MekWarrior / MekTech,Quasimodo QSM-3D,Alpha Lance,-,3/5,-/8,-/-,-/-,-/-,-/-,-/-,-,5,-,-,5,9,6,6,-,-,-,-,-,-,6,-,0,4,"2,745 C-Bill",5,Mercenary,Tamarind,3126-06-01,3151-02-12,3151-05-13,,,,No,Yes,No,N/A,Yes,N/A,No,0,1,-1,0,0,-1,3,0,0,11,High School,None (-),None (-),None (-),None (-),13,5 / 8,5 / 8,6 / 8,5 / 8,4 / 8,4 / 8,3 / 9
"",Sergeant,Darius,Steiger,,Darius,Steiger,,,Chemical,3124-05-07,Active,Male,Regular,MekWarrior / MekTech,Thunderbolt C 2 (Darius) Mk II,Alpha Lance,-,4/5,-/-,-/-,-/-,-/-,-/-,-/-,-,4,-,-,6,-,7,6,-,-,-,-,-,-,-,-,0,2,"2,745 C-Bill",61,Mercenary,Alexandria (LC),3124-05-07,3151-02-12,3151-05-13,,,,No,Yes,No,No,N/A,N/A,No,0,0,0,0,0,0,1,0,0,13,College,None (-),None (-),None (-),Receptive (+),12,5 / 8,5 / 8,5 / 8,5 / 8,5 / 8,5 / 8,5 / 9
"",Warrior,Hassim,,,Hassim,,,,,3114-05-02,Active,Male,Elite,Trueborn MekWarrior / Astech,Shadow Hawk IIC 8,Alpha Lance,-,3/3,-/-,-/-,-/-,-/-,-/-,-/-,-,5,-,-,6,-,5,-,-,-,-,-,-,-,-,-,0,2,"1,245 C-Bill",25,Clan Sea Fox,Trondheim (DC),3114-05-02,3151-02-12,3151-05-13,,,,No,Yes,Yes,Yes,N/A,N/A,No,0,0,0,0,0,-4,1,0,0,12,College,None (-),Diligent (+),None (-),None (-),12,5 / 8,5 / 8,5 / 9,5 / 9,5 / 8,5 / 8,5 / 9
"",Major,Quentin,Elias Tresseraburg,,Quentin,Elias Tresseraburg,,,Deadeye,3130-02-01,Active,Male,Regular,MekWarrior / Astech,-,-,-,5/5,-/7,-/-,-/-,-/-,-/-,-/-,-,7,-,-,7,-,4,6,-,-,-,-,-,-,5,-,0,2,"3,495 C-Bill",40,Lyran Commonwealth,Clermont,3130-02-01,3151-02-12,3151-05-13,,,,Yes,Yes,No,No,N/A,N/A,No,0,0,0,0,0,0,1,0,0,11,Early Childhood,Daring (+),None (-),None (-),None (-),12,5 / 8,5 / 8,5 / 8,5 / 8,5 / 8,5 / 8,5 / 9
"",Sergeant,Yoshiro,Takamotoi,,Yoshiro,Takamotoi,,,,3127-08-10,Active,Male,Veteran,MekWarrior / Soldier,Locust IIC 2,Alpha Lance,-,3/4,-/-,-/-,-/-,-/-,-/-,-/-,-,4,-,-,7,-,6,8,-,-,-,-,-,-,-,-,0,3,"2,745 C-Bill",0,Draconis Combine,Yamarovka,3127-08-10,3151-02-12,3151-05-13,,,,No,No,No,Yes,N/A,N/A,No,0,0,0,0,0,-1,3,0,0,7,College,None (-),Motivated (+),None (-),None (-),12,5 / 8,5 / 8,5 / 8,5 / 8,5 / 8,5 / 8,5 / 9
"",Chu-i,Kage,Ha Omi,,Kage,Ha Omi,,,Zetsubo,3129-10-01,Active,Male,Veteran,MekWarrior / Astech,Black Hawk (Nova) S,Alpha Lance,-,3/4,-/7,-/-,-/-,-/-,-/-,-/-,-,5,-,-,7,-,-,8,-,-,-,-,-,7,-,-,0,10,"2,505 C-Bill",10,Draconis Combine,Luthien,3129-10-01,3151-02-12,3151-05-13,,,,No,No,No,Yes,N/A,N/A,No,0,0,0,0,0,-1,3,1,0,6,College,None (-),None (-),None (-),Introverted (+),12,5 / 8,5 / 8,5 / 8,5 / 8,5 / 8,5 / 8,5 / 9
"",Sergeant,Joanna,Langdon,,Joanna,Langdon,,,,3125-11-02,Active,Other,Veteran,Freeborn MekTech,Quasimodo QSM-3D (240m),-,-,-/-,-/-,-/-,-/-,-/-,-/-,-/-,-,-,-,-,-,-,6,5,-,-,-,-,-,4,4,-,0,0,"1,464 C-Bill",0,Clan Wolf-in-Exile,Arc-Royal,3125-11-02,3151-02-19,3151-05-13,,,,No,No,Yes,N/A,Yes,No,No,0,0,0,0,0,-3,0,0,0,15,College,None (-),None (-),None (-),Petty (-),12,5 / 8,5 / 8,5 / 8,5 / 8,5 / 8,5 / 8,5 / 9
"",,Yuriko,Takomoto,,Yuriko,Takomoto,,,,3137-09-01,Active,Female,Regular,Child,-,-,-,-/-,-/-,-/-,-/-,-/-,-/-,-/-,-,-,-,-,-,-,-,-,-,-,-,-,-,-,-,-,0,0,0 C-Bill,0,Draconis Combine,Yamarovka,3137-09-01,3151-02-19,,,,,No,No,No,Yes,N/A,Yes,No,0,0,0,0,0,0,0,0,0,8,Early Childhood,None (-),Dishonest (--),None (-),None (-),12,5 / 8,5 / 8,5 / 8,5 / 8,5 / 8,5 / 8,5 / 9
"",,Eremey,Langdon,,Eremey,Langdon,,,,3147-07-01,Active,Male,Regular,Child,-,-,-,-/-,-/-,-/-,-/-,-/-,-/-,-/-,-,-,-,-,-,-,-,-,-,-,-,-,-,-,-,-,0,0,0 C-Bill,0,Free Worlds League,Tamarind,3147-07-01,3151-02-19,,,,,No,No,No,Yes,N/A,N/A,No,0,0,0,0,0,0,0,0,0,5,Early Childhood,Daring (+),None (-),None (-),None (-),12,5 / 8,5 / 8,5 / 8,5 / 8,5 / 8,5 / 8,5 / 9
"",Spaceman,Kiyohira,Endo,,Kiyohira,Endo,,,,3125-06-15,Active,Male,Veteran,Vessel Pilot,Union (Crows Nest) [Pilot],DropShip,-,-/-,-/-,-/-,-/-,-/-,-/-,-/4,-,5,-,-,-,-,-,-,-,-,-,-,-,-,-,-,0,1,830 C-Bill,50,Draconis Combine,Saffel,3125-06-15,3151-02-19,3151-02-19,,,,No,No,No,No,N/A,N/A,No,0,0,0,0,0,-1,0,0,0,11,High School,None (-),None (-),None (-),Dismissive (-),12,5 / 8,5 / 8,5 / 8,5 / 8,5 / 8,5 / 8,5 / 9
"",Spaceman Recruit,Romano,Massari,,Romano,Massari,,,,3127-11-20,Active,Male,Regular,Vessel Pilot,Union (Crows Nest) [Pilot],DropShip,-,-/-,-/-,-/-,-/-,-/-,-/-,-/5,-,5,-,-,-,-,-,-,-,-,-,-,-,-,-,-,0,1,670 C-Bill,15,Mercenary,Dieron,3127-11-20,3151-02-19,3151-02-19,,,,No,No,No,Yes,N/A,N/A,No,0,0,0,0,0,0,0,0,0,9,High School,None (-),None (-),None (-),Altruistic (++),18,5 / 8,5 / 8,5 / 8,5 / 8,5 / 8,5 / 8,5 / 9
"",Spaceman Recruit,Robert,,,Robert,,,,,3127-01-25,Active,Male,Regular,Freeborn Vessel Pilot,Union (Crows Nest) [Pilot],DropShip,-,-/-,-/-,-/-,-/-,-/-,-/-,-/5,-,6,-,-,7,-,-,-,-,-,-,-,-,-,-,-,0,1,670 C-Bill,15,Clan Jade Falcon,Rigil Kentarus,3127-01-25,3151-02-19,3151-02-19,,,,No,No,Yes,Yes,N/A,N/A,No,1,0,0,0,0,-2,0,0,0,11,College,Murderous (--),None (-),None (-),None (-),12,5 / 8,5 / 8,5 / 8,5 / 8,5 / 8,5 / 8,5 / 9
"",Spaceman Recruit,Jean,Carp,,Jean,Carp,,,,3125-08-18,Active,Male,Regular,Vessel Gunner,Union (Crows Nest) [Gunner],DropShip,-,-/-,-/-,-/-,-/-,-/-,-/-,5/-,-,6,-,-,7,-,-,-,-,-,-,-,-,-,-,-,0,1,670 C-Bill,15,Mercenary,Capolla,3125-08-18,3151-02-19,3151-02-19,,,,No,No,No,Yes,N/A,N/A,No,0,0,0,0,0,0,0,0,0,13,College,None (-),Conniving (-),None (-),None (-),12,5 / 8,5 / 8,5 / 8,5 / 8,5 / 8,5 / 8,5 / 9
"",Spaceman Recruit,Kamarupa,,,Kamarupa,,,,,3127-07-29,Active,Male,Green,Freeborn Vessel Gunner,Union (Crows Nest) [Gunner],DropShip,-,-/-,-/-,-/-,-/-,-/-,-/-,6/-,-,5,-,-,-,-,-,-,-,-,-,-,-,-,-,-,0,1,670 C-Bill,20,Clan Jade Falcon,Zollikofen,3127-07-29,3151-02-19,3151-05-13,,,,No,No,Yes,Yes,N/A,N/A,No,0,0,0,0,0,-2,0,0,0,7,High School,None (-),None (-),None (-),Introverted (+),12,5 / 8,5 / 8,5 / 8,5 / 8,5 / 8,5 / 8,5 / 9
"",Spaceman Recruit,Muldoom,McElroy,,Muldoom,McElroy,,,,3131-09-19,Active,Male,Regular,Vessel Gunner,Union (Crows Nest) [Gunner],DropShip,-,-/-,-/-,-/-,-/-,-/-,-/-,5/-,-,6,-,-,-,-,-,-,-,-,-,-,-,-,-,-,0,1,670 C-Bill,15,Mercenary,Asta,3131-09-19,3151-02-19,3151-02-19,,,,No,No,No,No,N/A,N/A,No,0,0,0,0,0,0,0,0,0,15,High School,Hostile (-),None (-),None (-),None (-),13,5 / 8,5 / 8,5 / 8,5 / 8,5 / 8,5 / 8,5 / 9
"",Spaceman Recruit,Bojan,Polak,,Bojan,Polak,,,,3127-09-19,Active,Male,Regular,Vessel Gunner,Union (Crows Nest) [Gunner],DropShip,-,-/-,-/-,-/-,-/-,-/-,-/-,5/-,-,5,-,-,7,-,-,-,-,-,-,-,-,-,-,-,0,1,670 C-Bill,15,Mercenary,Oliver,3127-09-19,3151-02-19,3151-02-19,,,,No,No,No,Yes,N/A,N/A,No,0,0,0,0,0,0,0,0,0,9,High School,None (-),None (-),Voracious (+),None (-),15,5 / 8,5 / 8,5 / 8,5 / 8,5 / 8,5 / 8,5 / 9
"",Spaceman Recruit,Annmarie,Khudiadadzai,,Annmarie,Khudiadadzai,,,,3126-04-20,Active,Female,Regular,Vessel Gunner,Union (Crows Nest) [Gunner],DropShip,-,-/-,-/-,-/-,-/-,-/-,-/-,5/-,-,5,-,-,-,-,-,-,-,-,-,-,-,-,-,-,0,1,670 C-Bill,15,Mercenary,Saffel,3126-04-20,3151-02-19,3151-02-19,,,,No,No,No,Yes,N/A,No,No,0,0,0,0,0,0,0,0,0,9,High School,None (-),None (-),None (-),Friendly (+),13,5 / 8,5 / 8,5 / 8,5 / 8,5 / 8,5 / 8,5 / 9
"",Petty Officer,Elizabeth,Lawson,,Elizabeth,Lawson,,,,3124-03-29,Active,Male,Elite,Vessel Crewmember / MekTech,Union (Crows Nest) [Crew],DropShip,-,-/-,-/-,-/-,-/-,-/-,-/-,-/5,-,-,-,-,-,-,-,5,-,-,-,4,-,-,-,-,0,1,"1,170 C-Bill",15,Lyran Commonwealth,Nuneaton,3124-03-29,3151-02-19,3151-02-19,,,,No,No,No,N/A,Yes,N/A,No,0,0,0,0,0,-2,0,0,0,11,Post-Graduate,Brash (-),None (-),None (-),None (-),14,5 / 8,5 / 8,5 / 8,5 / 8,5 / 8,5 / 8,5 / 9
"",,Foloida,Kadee,,Foloida,Kadee,,,,3127-08-17,Active,Male,Regular,Dependent,-,-,-,-/-,-/-,-/-,-/-,-/-,-/-,-/-,-,-,-,-,-,-,-,-,-,-,-,-,-,-,-,-,0,0,0 C-Bill,0,Mercenary,Terra,3127-08-17,3151-02-19,,,,,No,No,No,N/A,Yes,N/A,No,0,0,0,0,0,0,0,0,0,5,Early Childhood,None (-),None (-),None (-),None (-),15,5 / 8,5 / 8,5 / 8,5 / 8,5 / 8,5 / 8,5 / 9
"",Commander,Sam,Hofsteder,,Sam,Hofsteder,,,,3125-05-01,Active,Male,Elite,Vessel Pilot,Union (Crows Nest) [Crew],DropShip,-,-/-,-/-,-/-,-/-,-/-,-/-,-/3,-,6,-,-,-,-,-,-,-,-,-,4,-,-,-,-,0,1,"2,000 C-Bill",15,Lyran Commonwealth,York (LC),3125-05-01,3151-02-19,3151-02-19,,,,No,No,No,Yes,N/A,N/A,No,0,0,0,0,0,-2,0,0,0,8,College,Diplomatic (++),None (-),None (-),None (-),12,5 / 8,5 / 8,5 / 8,5 / 8,5 / 8,5 / 8,5 / 9
"",Sergeant,Preki,Drach,,Preki,Drach,,,,3130-08-10,Active,Male,Elite,Vehicle Gunner,Rommel Tank (Howitzer) Production [Gunner],Charlie Lance,-,-/-,3/-,3/-,3/-,-/-,-/-,-/-,-,-,-,-,-,-,-,-,-,-,-,-,-,-,-,-,0,0,"1,647 C-Bill",5,Mercenary,Rigil Kentarus,3130-08-10,3151-05-13,3151-05-13,,,,No,No,No,No,N/A,N/A,No,0,0,0,0,0,-2,2,0,0,16,High School,None (-),Opportunistic (+),None (-),None (-),17,5 / 8,5 / 8,5 / 8,5 / 8,5 / 8,5 / 8,5 / 9
"",Captain,Lupe,Christensen,,Lupe,Christensen,,,,3130-05-29,Active,Female,Elite,Vehicle Gunner,Rommel Tank (Howitzer) Production [Gunner],Charlie Lance,-,-/-,2/-,2/-,2/-,-/-,-/-,-/-,-,6,-,-,-,-,-,-,-,-,-,-,-,-,-,-,0,0,"1,800 C-Bill",5,Mercenary,Yorii,3130-05-29,3151-05-13,3151-05-13,,,,No,No,No,Yes,N/A,Yes,No,0,0,0,0,0,-2,2,0,0,8,High School,None (-),Aspiring (+),None (-),None (-),12,5 / 8,5 / 8,5 / 8,5 / 8,5 / 8,5 / 8,5 / 9
"",Corporal,Steve,Roecken,,Steve,Roecken,,,,3127-03-08,Active,Male,Elite,Vehicle Gunner,Rommel Tank (Howitzer) Production [Gunner],Charlie Lance,-,-/-,3/-,3/-,3/-,-/-,-/-,-/-,-,6,-,-,7,-,-,-,-,-,-,-,-,-,-,-,0,0,"1,053 C-Bill",5,Mercenary,Styx,3127-03-08,3151-05-13,3151-05-13,,,,No,No,No,Yes,N/A,N/A,No,0,0,0,0,0,-2,2,0,0,8,High School,None (-),Unambitious (-),None (-),None (-),12,5 / 8,5 / 8,5 / 8,5 / 8,5 / 8,5 / 8,5 / 9
"",Corporal,Asmara,Tsang,,Asmara,Tsang,,,,3130-11-11,Active,Male,Elite,Vehicle Gunner,Rommel Tank (Howitzer) Production [Gunner],Charlie Lance,-,-/-,3/-,3/-,3/-,-/-,-/-,-/-,-,5,-,-,-,-,-,-,-,-,-,-,-,-,-,-,0,0,"1,053 C-Bill",5,Mercenary,Bryant,3130-11-11,3151-05-13,3151-05-13,,,,No,No,No,Yes,N/A,N/A,No,0,0,0,0,0,-2,2,0,0,16,High School,None (-),None (-),None (-),Erratic (-),12,5 / 8,5 / 8,5 / 8,5 / 8,5 / 8,5 / 8,5 / 9
"",Corporal,Hauptmann,Luca Kaplan,,Hauptmann,Luca Kaplan,,,,3124-05-14,Active,Female,Regular,Vehicle Driver,Rommel Tank (Howitzer) Production [Driver],Charlie Lance,-,-/-,3/5,3/-,3/-,-/-,-/-,-/-,-,5,-,-,-,-,-,-,-,-,-,-,-,-,-,-,0,0,"1,053 C-Bill",5,Mercenary,Dieron,3124-05-14,3151-05-13,3151-05-13,,,,No,No,No,Yes,N/A,Yes,No,1,0,0,0,0,0,2,0,0,10,High School,Decisive (+),None (-),None (-),None (-),12,5 / 8,5 / 8,5 / 8,5 / 8,5 / 8,5 / 8,5 / 9
"",Sergeant,Patti,Ríos,,Patti,Ríos,,,,3124-07-19,Active,Female,Veteran,Vehicle Gunner,-,-,-,-/-,4/-,4/-,4/-,-/-,-/-,-/-,-,6,-,5,-,-,-,-,-,-,-,-,-,-,-,-,0,1,"1,647 C-Bill",10,Mercenary,Yorii,3124-07-19,3151-05-13,3151-05-13,,,,No,No,No,Yes,N/A,No,No,0,0,0,0,0,-1,0,0,0,11,High School,None (-),None (-),None (-),Friendly (+),12,5 / 8,5 / 8,5 / 8,5 / 8,5 / 8,5 / 8,5 / 9
"",Corporal,Michael,Hoetker,,Michael,Hoetker,,,,3132-09-08,Active,Male,Regular,Vehicle Gunner,-,-,-,-/-,5/-,5/-,5/-,-/-,-/-,-/-,-,-,-,-,-,-,-,-,-,-,-,-,-,-,-,-,0,1,"1,053 C-Bill",10,Mercenary,Saffel,3132-09-08,3151-05-13,3151-05-13,,,,No,No,No,Yes,N/A,N/A,No,0,0,0,0,0,0,0,0,0,14,High School,None (-),None (-),None (-),None (-),12,5 / 8,5 / 8,5 / 8,5 / 8,5 / 8,5 / 8,5 / 9
"",Corporal,Mike,Sabourin,,Mike,Sabourin,,,,3128-10-08,Active,Male,Veteran,Vehicle Gunner,-,-,-,-/-,4/-,4/-,4/-,-/-,-/-,-/-,-,6,-,-,-,-,-,-,-,-,-,-,-,-,-,-,0,1,"1,053 C-Bill",10,Mercenary,Denebola,3128-10-08,3151-05-13,3151-05-13,,,,No,No,No,Yes,N/A,N/A,No,0,0,0,0,0,-1,0,0,0,14,College,Hostile (-),None (-),None (-),None (-),12,5 / 8,5 / 8,5 / 8,5 / 8,5 / 8,5 / 8,5 / 9
"",Corporal,Bimo,Soedjatmoko,,Bimo,Soedjatmoko,,,,3133-05-30,Active,Male,Regular,Vehicle Driver,-,-,-,-/-,4/5,4/-,4/-,-/-,-/-,-/-,-,7,-,-,-,-,-,-,-,-,-,-,-,-,-,-,0,1,"1,053 C-Bill",10,Mercenary,Dyev,3133-05-30,3151-05-13,3151-05-13,,,,No,No,No,Yes,N/A,N/A,No,0,0,0,0,0,0,0,0,0,13,High School,None (-),None (-),Mercenary (-),Petty (-),13,5 / 8,5 / 8,5 / 8,5 / 8,5 / 8,5 / 8,5 / 9
"",Sergeant,Gerardo,Hernández,,Gerardo,Hernández,,,,3131-07-10,Active,Other,Green,Vehicle Gunner,-,-,-,-/-,6/-,6/-,6/-,-/-,-/-,-/-,-,6,-,-,7,-,-,-,-,-,-,-,-,-,-,-,0,0,"1,647 C-Bill",5,Mercenary,Thorin,3131-07-10,3151-05-13,3151-05-13,,,,No,No,No,Yes,N/A,N/A,No,0,0,0,0,0,0,0,0,0,19,High School,None (-),Aspiring (+),Nefarious (--),None (-),12,5 / 8,5 / 8,5 / 8,5 / 8,5 / 8,5 / 8,5 / 9
"",Corporal,Firdoze,Shirani,,Firdoze,Shirani,,,,3129-05-14,Active,Male,Elite,Vehicle Gunner,-,-,-,-/-,3/-,3/-,3/-,-/-,-/-,-/-,-,-,-,-,-,-,-,-,-,-,-,-,-,-,-,-,0,0,"1,053 C-Bill",5,Mercenary,Yorii,3129-05-14,3151-05-13,3151-05-13,,,,No,No,No,Yes,N/A,N/A,No,0,0,0,0,0,-2,0,0,0,10,College,Assertive (+),None (-),None (-),None (-),15,5 / 8,5 / 8,5 / 8,5 / 8,5 / 8,5 / 8,5 / 9
"",Corporal,Juan,Reyes,,Juan,Reyes,,,,3129-06-03,Active,Male,Elite,Vehicle Gunner,-,-,-,-/-,3/-,3/-,3/-,-/-,-/-,-/-,-,6,-,-,-,-,-,-,-,-,-,-,-,-,-,-,0,0,"1,053 C-Bill",5,Mercenary,New Home,3129-06-03,3151-05-13,3151-05-13,,,,No,No,No,Yes,N/A,N/A,No,0,0,0,0,0,-2,0,0,0,6,High School,None (-),None (-),Insightful (+),None (-),12,5 / 8,5 / 8,5 / 8,5 / 8,5 / 8,5 / 8,5 / 9
"",Corporal,Kyle,Stewart,,Kyle,Stewart,,,,3130-08-09,Active,Male,Regular,Vehicle Driver,-,-,-,-/-,4/5,4/-,4/-,-/-,-/-,-/-,-,6,-,-,-,-,-,-,-,-,-,-,-,-,-,-,0,0,"1,053 C-Bill",5,Mercenary,Muphrid,3130-08-09,3151-05-13,3151-05-13,,,,No,No,No,Yes,N/A,N/A,No,0,0,0,0,0,0,0,0,0,8,High School,None (-),None (-),Insatiable (-),None (-),10,5 / 8,5 / 8,5 / 8,5 / 8,5 / 8,5 / 8,5 / 9
"",Corporal,Neritan,Mala,,Neritan,Mala,,,,3125-08-04,Active,Female,Regular,Battle Armor Pilot,Gray Death Standard Suit [SRM](Sqd4),Charlie Lance,-,-/-,-/-,-/-,-/-,-/-,-/-,-/-,4,6,6,-,-,-,-,-,-,-,-,-,-,-,-,-,0,0,"1,685 C-Bill",10,Mercenary,Altair,3125-08-04,3151-05-13,3151-05-13,,,,No,No,No,Yes,N/A,Yes,No,0,0,0,0,0,0,0,0,0,13,High School,None (-),Goal-Oriented (+),None (-),None (-),12,5 / 8,5 / 8,5 / 8,5 / 8,5 / 8,5 / 8,5 / 9
"",Corporal,Joo-Eun,Pak,,Joo-Eun,Pak,,,,3123-08-01,Killed in Action,Female,Elite,Battle Armor Pilot / Battle Armor Tech,-,-,-,-/-,-/-,-/-,-/-,-/-,-/-,-/-,1,5,5,-,-,-,-,-,-,-,5,-,-,-,-,-,0,0,"1,685 C-Bill",5,Mercenary,Caph,3123-08-01,3151-05-13,3151-05-13,,,3151-06-08,No,No,No,No,N/A,Yes,N/A,0,0,0,0,0,-2,0,0,0,12,College,None (-),Persistent (+),None (-),None (-),12,5 / 8,5 / 8,5 / 8,5 / 8,5 / 8,5 / 8,5 / 9
"",Corporal,Suvarnaprabha,Fotiadis,,Suvarnaprabha,Fotiadis,,,,3133-09-22,Killed in Action,Female,Green,Battle Armor Pilot,-,-,-,-/-,-/-,-/-,-/-,-/-,-/-,-/-,5,7,7,-,-,-,-,-,-,-,-,-,-,-,-,-,5,0,"1,685 C-Bill",5,Mercenary,Pike IV,3133-09-22,3151-05-13,3151-05-13,,,3151-06-08,No,No,No,Yes,N/A,No,N/A,0,0,0,0,0,0,0,0,0,10,High School,None (-),None (-),None (-),None (-),17,5 / 8,5 / 8,5 / 8,5 / 8,5 / 8,5 / 8,5 / 9
"",Sergeant,Terry,Hoan,,Terry,Hoan,,,,3122-09-21,Killed in Action,Male,Veteran,Battle Armor Pilot,-,-,-,-/-,-/-,-/-,-/-,-/-,-/-,-/-,3,5,5,-,-,-,-,-,-,-,-,-,-,-,-,-,9,0,"2,635 C-Bill",5,Mercenary,Yorii,3122-09-21,3151-05-13,3151-05-13,,,3151-06-08,No,No,No,Yes,N/A,N/A,N/A,0,0,0,0,0,-1,0,0,0,15,High School,None (-),None (-),Astute (+),None (-),12,5 / 8,5 / 8,5 / 8,5 / 8,5 / 8,5 / 8,5 / 9
"",Corporal,Isolde,Jovic,,Isolde,Jovic,,,,3116-06-30,Active,Male,Green,Soldier,Foot Platoon (Anti-'Mech) (Rifle),Charlie Lance,-,-/-,-/-,-/-,-/-,-/-,-/-,-/-,-,6,-,-,5,-,-,-,-,-,-,-,-,-,-,-,0,0,878 C-Bill,0,Mercenary,Zavijava,3116-06-30,3151-05-13,3151-05-13,,,,No,No,No,Yes,N/A,N/A,No,0,0,0,0,0,0,0,0,0,11,College,None (-),None (-),None (-),None (-),17,5 / 8,5 / 8,5 / 8,5 / 8,5 / 8,5 / 8,5 / 9
"",Corporal,Yoshida,Murata,,Yoshida,Murata,,,,3130-01-10,Active,Male,Veteran,Soldier,Foot Platoon (Anti-'Mech) (Rifle),Charlie Lance,-,-/-,-/-,-/-,-/-,-/-,-/-,-/-,-,4,-,-,7,-,-,-,-,-,-,-,-,-,-,-,0,0,878 C-Bill,0,Mercenary,Epsilon Indi,3130-01-10,3151-05-13,3151-05-13,,,,No,No,No,Yes,N/A,N/A,No,0,0,0,0,0,-1,0,0,0,14,High School,Inflexible (-),None (-),None (-),None (-),12,5 / 8,5 / 8,5 / 8,5 / 8,5 / 8,5 / 8,5 / 9
"",Corporal,Jay-hoon,Ramírez,,Jay-hoon,Ramírez,,,,3130-11-24,Active,Male,Elite,Soldier,Foot Platoon (Anti-'Mech) (Rifle),Charlie Lance,-,-/-,-/-,-/-,-/-,-/-,-/-,-/-,-,3,-,6,-,-,-,-,-,-,-,-,-,-,-,-,0,0,878 C-Bill,0,Mercenary,Capolla,3130-11-24,3151-05-13,3151-05-13,,,,No,No,No,Yes,N/A,N/A,No,0,0,0,0,0,-2,0,0,0,14,High School,Decisive (+),None (-),None (-),None (-),12,5 / 8,5 / 8,5 / 8,5 / 8,5 / 8,5 / 8,5 / 9
"",Corporal,Stanislav,Sibincic,,Stanislav,Sibincic,,,,3132-08-13,Active,Male,Veteran,Soldier,Foot Platoon (Anti-'Mech) (Rifle),Charlie Lance,-,-/-,-/-,-/-,-/-,-/-,-/-,-/-,-,4,-,-,-,-,-,-,-,-,-,-,-,-,-,-,0,0,878 C-Bill,0,Mercenary,Epsilon Eridani,3132-08-13,3151-05-13,3151-05-13,,,,No,No,No,No,N/A,N/A,No,0,0,0,0,0,-1,0,0,0,14,College,None (-),None (-),None (-),Callous (-),12,5 / 8,5 / 8,5 / 8,5 / 8,5 / 8,5 / 8,5 / 9
"",Corporal,Tito,Gruska,,Tito,Gruska,,,,3123-11-05,Active,Male,Elite,Soldier,Foot Platoon (Anti-'Mech) (Rifle),Charlie Lance,-,-/-,-/-,-/-,-/-,-/-,-/-,-/-,-,3,-,-,-,-,-,-,-,-,-,-,-,-,-,-,0,0,878 C-Bill,0,Mercenary,Pike IV,3123-11-05,3151-05-13,3151-05-13,,,,No,No,No,Yes,N/A,N/A,No,0,0,0,0,0,-2,0,0,0,12,High School,None (-),None (-),None (-),None (-),16,5 / 8,5 / 8,5 / 8,5 / 8,5 / 8,5 / 8,5 / 9
"",Corporal,Kha'n,Drewry,,Kha'n,Drewry,,,,3130-01-16,Active,Male,Elite,Soldier,Foot Platoon (Anti-'Mech) (Rifle),Charlie Lance,-,-/-,-/-,-/-,-/-,-/-,-/-,-/-,-,3,-,-,-,-,-,-,-,-,-,-,-,-,-,-,0,0,878 C-Bill,0,Mercenary,Imbros III,3130-01-16,3151-05-13,3151-05-13,,,,No,No,No,Yes,N/A,N/A,No,0,0,0,0,0,-2,0,0,0,11,High School,None (-),Unambitious (-),None (-),None (-),12,5 / 8,5 / 8,5 / 8,5 / 8,5 / 8,5 / 8,5 / 9
"",Sergeant,Talos,Plastiras,,Talos,Plastiras,,,,3122-03-21,Active,Male,Veteran,Soldier,Foot Platoon (Anti-'Mech) (Rifle),Charlie Lance,-,-/-,-/-,-/-,-/-,-/-,-/-,-/-,-,4,-,-,-,-,-,-,-,-,-,-,-,-,-,-,0,0,"1,372 C-Bill",0,Mercenary,Athenry,3122-03-21,3151-05-13,3151-05-13,,,,No,No,No,Yes,N/A,N/A,No,0,0,0,0,0,-1,0,0,0,14,High School,None (-),None (-),Dynamic (+),None (-),12,5 / 8,5 / 8,5 / 8,5 / 8,5 / 8,5 / 8,5 / 9
"",Corporal,Jennifer,Shetty,,Jennifer,Shetty,,,,3130-09-03,Active,Female,Green,Soldier,Foot Platoon (Anti-'Mech) (Rifle),Charlie Lance,-,-/-,-/-,-/-,-/-,-/-,-/-,-/-,-,6,-,5,7,-,-,-,-,-,-,-,-,-,-,-,0,0,878 C-Bill,0,Mercenary,Styx,3130-09-03,3151-05-13,3151-05-13,,,,No,No,No,Yes,N/A,No,No,0,0,0,0,0,0,0,0,0,12,High School,None (-),None (-),None (-),Considerate (+),12,5 / 8,5 / 8,5 / 8,5 / 8,5 / 8,5 / 8,5 / 9
"",Corporal,Thomasina,Nance,,Thomasina,Nance,,,,3132-10-06,Active,Female,Veteran,Soldier,Foot Platoon (Anti-'Mech) (Rifle),Charlie Lance,-,-/-,-/-,-/-,-/-,-/-,-/-,-/-,-,4,-,6,-,-,-,-,-,-,-,-,-,-,-,-,0,0,878 C-Bill,0,Mercenary,Alula Australis,3132-10-06,3151-05-13,3151-05-13,,,,No,No,No,Yes,N/A,Yes,No,0,0,0,0,0,-1,0,0,0,11,High School,None (-),None (-),Self-Serving (-),Persuasive (+),12,5 / 8,5 / 8,5 / 8,5 / 8,5 / 8,5 / 8,5 / 9
"",Corporal,Amir,le Guen,,Amir,le Guen,,,,3130-08-15,Active,Male,Elite,Soldier,Foot Platoon (Anti-'Mech) (Rifle),Charlie Lance,-,-/-,-/-,-/-,-/-,-/-,-/-,-/-,-,3,-,-,7,-,-,-,-,-,-,-,-,-,-,-,0,0,878 C-Bill,0,Mercenary,Caph,3130-08-15,3151-05-13,3151-05-13,,,,No,No,No,No,N/A,N/A,No,0,0,0,0,0,-2,0,0,0,15,High School,None (-),Innovative (++),None (-),None (-),12,5 / 8,5 / 8,5 / 8,5 / 8,5 / 8,5 / 8,5 / 9
"",Corporal,Claude,Paquet,,Claude,Paquet,,,,3129-04-29,Active,Male,Regular,Soldier,Foot Platoon (Anti-'Mech) (Rifle),Charlie Lance,-,-/-,-/-,-/-,-/-,-/-,-/-,-/-,-,5,-,-,7,-,-,-,-,-,-,-,-,-,-,-,0,0,878 C-Bill,0,Mercenary,Imbros III,3129-04-29,3151-05-13,3151-05-13,,,,No,No,No,Yes,N/A,N/A,No,0,0,0,0,0,0,0,0,0,10,College,Savage (--),None (-),None (-),None (-),11,5 / 8,5 / 8,5 / 8,5 / 8,5 / 8,5 / 8,5 / 9
"",Corporal,Bento,Jaudenes,,Bento,Jaudenes,,,,3124-04-29,Active,Male,Elite,Soldier,Foot Platoon (Anti-'Mech) (Rifle),Charlie Lance,-,-/-,-/-,-/-,-/-,-/-,-/-,-/-,-,2,-,-,-,-,-,-,-,-,-,-,-,-,-,-,0,0,878 C-Bill,0,Mercenary,Lipton,3124-04-29,3151-05-13,3151-05-13,,,,No,No,No,Yes,N/A,N/A,No,0,0,0,0,0,-2,0,0,0,11,College,Daring (+),None (-),None (-),None (-),12,5 / 8,5 / 8,5 / 8,5 / 8,5 / 8,5 / 8,5 / 9
"",Corporal,Dennis,Xiong,,Dennis,Xiong,,,,3128-04-21,Active,Male,Elite,Soldier,Foot Platoon (Anti-'Mech) (Rifle),Charlie Lance,-,-/-,-/-,-/-,-/-,-/-,-/-,-/-,-,2,-,-,7,-,-,-,-,-,-,-,-,-,-,-,0,0,878 C-Bill,0,Mercenary,Lipton,3128-04-21,3151-05-13,3151-05-13,,,,No,No,No,Yes,N/A,N/A,No,0,0,0,0,0,-2,0,0,0,14,High School,Reckless (-),None (-),None (-),None (-),12,5 / 8,5 / 8,5 / 8,5 / 8,5 / 8,5 / 8,5 / 9
"",Sergeant,Ryan,Gray,,Ryan,Gray,,,,3124-09-25,Active,Male,Elite,Soldier,Foot Platoon (Anti-'Mech) (Rifle),Charlie Lance,-,-/-,-/-,-/-,-/-,-/-,-/-,-/-,-,2,-,-,-,-,-,-,-,-,-,-,-,-,-,-,0,0,"1,372 C-Bill",0,Mercenary,Yorii,3124-09-25,3151-05-13,3151-05-13,,,,No,No,No,Yes,N/A,N/A,No,0,0,0,0,0,-2,0,0,0,14,High School,Aggressive (-),None (-),None (-),None (-),13,5 / 8,5 / 8,5 / 8,5 / 8,5 / 8,5 / 8,5 / 9
"",Corporal,Markus,Plihta,,Markus,Plihta,,,,3131-03-31,Active,Male,Veteran,Soldier,Foot Platoon (Anti-'Mech) (Rifle),Charlie Lance,-,-/-,-/-,-/-,-/-,-/-,-/-,-/-,-,4,-,-,-,-,-,-,-,-,-,-,-,-,-,-,0,0,878 C-Bill,0,Mercenary,Tau Ceti,3131-03-31,3151-05-13,3151-05-13,,,,No,No,No,Yes,N/A,N/A,No,0,0,0,0,0,-1,0,0,0,5,High School,None (-),Aspiring (+),None (-),None (-),12,5 / 8,5 / 8,5 / 8,5 / 8,5 / 8,5 / 8,5 / 9
"",Corporal,Bin,Mei,,Bin,Mei,,,,3131-06-24,Active,Male,Elite,Soldier,Foot Platoon (Anti-'Mech) (Rifle),Charlie Lance,-,-/-,-/-,-/-,-/-,-/-,-/-,-/-,-,3,-,-,-,-,-,-,-,-,-,-,-,-,-,-,0,0,878 C-Bill,0,Mercenary,Pollux,3131-06-24,3151-05-13,3151-05-13,,,,No,No,No,No,N/A,N/A,No,0,0,0,0,0,-2,0,0,0,6,High School,None (-),Unscrupulous (-),None (-),None (-),12,5 / 8,5 / 8,5 / 8,5 / 8,5 / 8,5 / 8,5 / 9
"",Corporal,Luso,Taptalov,,Luso,Taptalov,,,,3125-08-26,Active,Female,Regular,Soldier,Foot Platoon (Anti-'Mech) (Rifle),Charlie Lance,-,-/-,-/-,-/-,-/-,-/-,-/-,-/-,-,5,-,-,-,-,-,-,-,-,-,-,-,-,-,-,0,0,878 C-Bill,0,Mercenary,New Home,3125-08-26,3151-05-13,3151-05-13,,,,No,No,No,No,N/A,Yes,No,0,0,0,0,0,0,0,0,0,11,High School,Daring (+),None (-),None (-),None (-),12,5 / 8,5 / 8,5 / 8,5 / 8,5 / 8,5 / 8,5 / 9
"",Corporal,Hayden,Jackson,,Hayden,Jackson,,,,3124-06-21,Active,Male,Veteran,Soldier,Foot Platoon (Anti-'Mech) (Rifle),Charlie Lance,-,-/-,-/-,-/-,-/-,-/-,-/-,-/-,-,4,-,-,-,-,-,-,-,-,-,-,-,-,-,-,0,0,878 C-Bill,0,Mercenary,Capolla,3124-06-21,3151-05-13,3151-05-13,,,,No,No,No,Yes,N/A,N/A,No,0,0,0,0,0,-1,0,0,0,6,College,None (-),Controlling (-),Insightful (+),None (-),12,5 / 8,5 / 8,5 / 8,5 / 8,5 / 8,5 / 8,5 / 9
"",Corporal,Clifton,Owoduni,,Clifton,Owoduni,,,,3128-10-08,Active,Male,Veteran,Soldier,Foot Platoon (Anti-'Mech) (Rifle),Charlie Lance,-,-/-,-/-,-/-,-/-,-/-,-/-,-/-,-,4,-,-,7,-,-,-,-,-,-,-,-,-,-,-,0,0,878 C-Bill,0,Mercenary,Outreach,3128-10-08,3151-05-13,3151-05-13,,,,No,No,No,N/A,Yes,N/A,No,0,0,0,0,0,-1,0,0,0,10,High School,None (-),Resourceful (++),Tactical (+),None (-),12,5 / 8,5 / 8,5 / 8,5 / 8,5 / 8,5 / 8,5 / 9
"",,Miren,López,,Miren,López,,,,3129-01-24,Active,Female,Regular,Dependent,-,-,-,-/-,-/-,-/-,-/-,-/-,-/-,-/-,-,-,-,-,-,-,-,-,-,-,-,-,-,-,-,-,0,0,0 C-Bill,0,Mercenary,Terra,3129-01-24,3151-05-13,,3152-03-31,,,No,No,No,N/A,Yes,Yes,No,0,0,0,0,0,0,0,0,0,11,High School,None (-),None (-),None (-),Apathetic (-),12,5 / 8,5 / 8,5 / 8,5 / 8,5 / 8,5 / 8,5 / 9
"",Corporal,Martina,Cobrella,,Martina,Cobrella,,,,3125-10-14,Active,Female,Regular,Soldier,Foot Platoon (Anti-'Mech) (Rifle),Charlie Lance,-,-/-,-/-,-/-,-/-,-/-,-/-,-/-,-,5,-,-,-,-,-,-,-,-,-,-,-,-,-,-,0,0,878 C-Bill,0,Mercenary,Menkent,3125-10-14,3151-05-13,3151-05-13,,,,No,No,No,Yes,N/A,No,No,0,0,0,0,0,0,0,0,0,14,High School,None (-),Calculating (+),None (-),None (-),12,5 / 8,5 / 8,5 / 8,5 / 8,5 / 8,5 / 8,5 / 9
"",Sergeant,Guo-fang,Zhào,,Guo-fang,Zhào,,,,3122-07-30,Active,Male,Elite,Soldier,Foot Platoon (Anti-'Mech) (Rifle),Charlie Lance,-,-/-,-/-,-/-,-/-,-/-,-/-,-/-,-,2,-,-,-,-,-,-,-,-,-,-,-,-,-,-,0,0,"1,372 C-Bill",0,Mercenary,Styx,3122-07-30,3151-05-13,3151-05-13,,,,No,No,No,Yes,N/A,N/A,No,0,0,0,0,0,-2,0,0,0,4,College,None (-),Goal-Oriented (+),None (-),None (-),12,5 / 8,5 / 8,5 / 8,5 / 8,5 / 8,5 / 8,5 / 9
"",Corporal,Melissa,Bloeckner,,Melissa,Bloeckner,,,,3125-09-25,Active,Female,Elite,Soldier,Foot Platoon (Anti-'Mech) (Rifle),Charlie Lance,-,-/-,-/-,-/-,-/-,-/-,-/-,-/-,-,2,-,-,7,-,-,-,-,-,-,-,-,-,-,-,0,0,878 C-Bill,0,Mercenary,Chara (Pacifica),3125-09-25,3151-05-13,3151-05-13,,,,No,No,No,Yes,N/A,Yes,No,0,0,0,0,0,-2,0,0,0,6,High School,None (-),None (-),None (-),Inspiring (+),12,5 / 8,5 / 8,5 / 8,5 / 8,5 / 8,5 / 8,5 / 9
"",Corporal,Isabel,Klah,,Isabel,Klah,,,,3128-07-22,Active,Female,Regular,Soldier,Foot Platoon (Anti-'Mech) (Rifle),Charlie Lance,-,-/-,-/-,-/-,-/-,-/-,-/-,-/-,-,5,-,-,-,-,-,-,-,-,-,-,-,-,-,-,0,0,878 C-Bill,0,Mercenary,Pike IV,3128-07-22,3151-05-13,3151-05-13,,,,No,No,No,Yes,N/A,Yes,No,0,0,0,0,0,0,0,0,0,10,High School,None (-),None (-),None (-),None (-),13,5 / 8,5 / 8,5 / 8,5 / 8,5 / 8,5 / 8,5 / 9
"",Corporal,Gareth,Bedser,,Gareth,Bedser,,,,3129-07-20,Active,Male,Veteran,Soldier,Foot Platoon (Anti-'Mech) (Rifle),Charlie Lance,-,-/-,-/-,-/-,-/-,-/-,-/-,-/-,-,4,-,-,-,-,-,-,-,-,-,-,-,-,-,-,0,0,878 C-Bill,0,Mercenary,Procyon,3129-07-20,3151-05-13,3151-05-13,,,,No,No,No,Yes,N/A,N/A,No,0,0,0,0,0,-1,0,0,0,10,College,None (-),None (-),None (-),Untrustworthy (-),12,5 / 8,5 / 8,5 / 8,5 / 8,5 / 8,5 / 8,5 / 9
"",Corporal,Carolyn,Torres,,Carolyn,Torres,,,,3122-05-28,Active,Female,Elite,Soldier,Foot Platoon (Anti-'Mech) (Rifle),Charlie Lance,-,-/-,-/-,-/-,-/-,-/-,-/-,-/-,-,3,-,-,6,-,-,-,-,-,-,-,-,-,-,-,0,0,878 C-Bill,0,Mercenary,Thorin,3122-05-28,3151-05-13,3151-05-13,,,,No,No,No,Yes,N/A,Yes,No,0,0,0,0,0,-2,0,0,0,11,College,Bold (+),Motivated (+),None (-),None (-),16,5 / 8,5 / 8,5 / 8,5 / 8,5 / 8,5 / 8,5 / 9
"",Corporal,Kinnosuke,Ozaki,,Kinnosuke,Ozaki,,,,3128-05-16,Active,Male,Elite,Soldier,Foot Platoon (Anti-'Mech) (Rifle),Charlie Lance,-,-/-,-/-,-/-,-/-,-/-,-/-,-/-,-,2,-,-,-,-,-,-,-,-,-,-,-,-,-,-,0,0,878 C-Bill,0,Mercenary,Lipton,3128-05-16,3151-05-13,3151-05-13,,,,No,No,No,No,N/A,N/A,No,0,0,0,0,0,-2,0,0,0,12,College,None (-),None (-),Self-Serving (-),None (-),10,5 / 8,5 / 8,5 / 8,5 / 8,5 / 8,5 / 8,5 / 9
"",Sergeant,Ian,Westerbos,,Ian,Westerbos,,,,3122-01-25,Active,Male,Veteran,Soldier,Foot Platoon (Anti-'Mech) (Rifle),Charlie Lance,-,-/-,-/-,-/-,-/-,-/-,-/-,-/-,-,4,-,-,-,-,-,-,-,-,-,-,-,-,-,-,0,0,"1,372 C-Bill",0,Mercenary,Asta,3122-01-25,3151-05-13,3151-05-13,,,,No,No,No,Yes,N/A,N/A,No,1,0,0,0,0,-1,0,0,0,13,College,Impetuous (-),None (-),None (-),None (-),12,5 / 8,5 / 8,5 / 8,5 / 8,5 / 8,5 / 8,5 / 9
"",Lieutenant JG,Annika,Pensomn,,Annika,Pensomn,,,,3133-10-05,Active,Female,Elite,Soldier,Foot Platoon (Anti-'Mech) (Rifle),Charlie Lance,-,-/-,-/-,-/-,-/-,-/-,-/-,-/-,-,2,-,-,-,-,-,-,-,-,-,-,-,-,-,-,0,0,998 C-Bill,0,Mercenary,Capolla,3133-10-05,3151-05-13,3151-05-13,,,,No,No,No,Yes,N/A,No,No,0,0,0,0,0,-2,0,0,0,9,High School,None (-),Strategic (+),None (-),Receptive (+),12,5 / 8,5 / 8,5 / 8,5 / 8,5 / 8,5 / 8,5 / 9
"",Sergeant,Maurício,Losano,,Maurício,Losano,,,,3130-12-11,Killed in Action,Male,Veteran,Vehicle Gunner,-,-,-,-/-,4/-,4/-,4/-,-/-,-/-,-/-,-,-,-,-,-,-,-,-,-,-,-,-,-,-,-,-,3,0,"1,647 C-Bill",5,Mercenary,Northwind,3130-12-11,3151-05-13,3151-05-13,,,3151-06-08,No,No,No,Yes,N/A,N/A,N/A,0,0,0,0,0,-1,0,0,0,18,High School,None (-),Energetic (+),None (-),None (-),12,5 / 8,5 / 8,5 / 8,5 / 8,5 / 8,5 / 8,5 / 9
"",Corporal,Wanting,Trydal,,Wanting,Trydal,,,,3129-12-26,Killed in Action,Female,Regular,Vehicle Gunner,-,-,-,-/-,5/-,5/-,5/-,-/-,-/-,-/-,-,6,-,-,-,-,-,-,-,-,-,-,-,-,-,-,4,0,"1,053 C-Bill",5,Mercenary,Dieron,3129-12-26,3151-05-13,3151-05-13,,,3151-06-08,No,No,No,Yes,N/A,No,N/A,0,0,0,0,0,0,0,0,0,13,High School,None (-),None (-),None (-),None (-),12,5 / 8,5 / 8,5 / 8,5 / 8,5 / 8,5 / 8,5 / 9
"",Corporal,Callum,MacQuistan,,Callum,MacQuistan,,,,3133-04-27,Killed in Action,Male,Veteran,Vehicle Gunner,-,-,-,-/-,4/-,4/-,4/-,-/-,-/-,-/-,-,5,-,-,-,-,-,-,-,-,-,-,-,-,-,-,2,0,"1,053 C-Bill",5,Mercenary,Oliver,3133-04-27,3151-05-13,3151-05-13,,,3151-06-08,No,No,No,Yes,N/A,N/A,N/A,0,0,0,0,0,-1,0,0,0,11,High School,None (-),None (-),None (-),Erratic (-),14,5 / 8,5 / 8,5 / 8,5 / 8,5 / 8,5 / 8,5 / 9
"",Corporal,Todd,Zhi,,Todd,Zhi,,,,3133-11-24,Active,Male,Regular,Vehicle Driver,-,-,-,-/-,4/5,4/-,4/-,-/-,-/-,-/-,-,7,-,-,8,-,-,-,-,-,-,-,-,-,-,-,3,0,"1,053 C-Bill",10,Mercenary,Tyrfing,3133-11-24,3151-05-13,3151-05-13,,,,No,No,No,Yes,N/A,N/A,No,0,0,0,0,0,0,0,0,0,9,Early Childhood,Daring (+),None (-),None (-),None (-),12,5 / 8,5 / 8,5 / 8,5 / 8,5 / 8,5 / 8,5 / 9
"",Corporal,Sameeha,Sayyar,,Sameeha,Sayyar,,,,3124-07-04,Active,Female,Regular,MekTech,Shadow Hawk IIC 8 (240m),-,-,-/-,-/-,-/-,-/-,-/-,-/-,-/-,-,-,-,-,-,-,-,6,-,-,-,-,-,-,-,-,0,0,936 C-Bill,1,Draconis Combine,Nirasaki,3124-07-04,3151-05-13,3151-05-13,,,,No,No,No,Yes,N/A,No,No,0,0,0,0,0,0,0,0,0,10,High School,Intrepid (+),None (-),None (-),None (-),13,5 / 8,5 / 8,5 / 8,5 / 8,5 / 8,5 / 8,5 / 9
"",Corporal,Iffat,Entee,,Iffat,Entee,,,,3129-06-22,Active,Female,Green,MekTech,-,-,-,-/-,-/-,-/-,-/-,-/-,-/-,-/-,-,-,-,-,-,-,-,7,-,-,-,-,-,-,-,-,0,0,936 C-Bill,0,Mercenary,Terra Firma,3129-06-22,3151-05-13,3151-05-13,,,,No,No,No,Yes,N/A,No,No,0,0,0,0,0,0,0,0,0,10,High School,None (-),None (-),None (-),Empathetic (+),14,5 / 8,5 / 8,5 / 8,5 / 8,5 / 8,5 / 8,5 / 9
"",Corporal,Mihàil,Daci,,Mihàil,Daci,,,,3133-01-20,Active,Male,Green,MekTech,-,-,-,-/-,-/-,-/-,-/-,-/-,-/-,-/-,-,-,-,-,-,-,-,7,-,-,-,-,-,-,-,-,0,0,936 C-Bill,2,Capellan Confederation,Epsilon Indi,3133-01-20,3151-05-13,3151-05-13,,,,No,No,No,Yes,N/A,N/A,No,0,0,0,0,0,0,0,0,0,6,High School,None (-),None (-),Greedy (-),None (-),12,5 / 8,5 / 8,5 / 8,5 / 8,5 / 8,5 / 8,5 / 9
"",Corporal,Lu-shan,Bing,,Lu-shan,Bing,,,,3126-03-08,Active,Male,Regular,MekTech,Thunderbolt C 2 (Darius) Mk II (300m),-,-,-/-,-/-,-/-,-/-,-/-,-/-,-/-,-,-,-,-,-,-,-,6,-,-,-,-,-,-,-,-,0,0,936 C-Bill,0,Republic of the Sphere,Caph,3126-03-08,3151-05-13,3151-05-13,,,,No,No,No,Yes,N/A,N/A,No,0,0,0,0,0,0,0,0,0,12,High School,None (-),None (-),None (-),Disingenuous (-),13,5 / 8,5 / 8,5 / 8,5 / 8,5 / 8,5 / 8,5 / 9
"",Corporal,Daryl,Mak,,Daryl,Mak,,,,3131-09-15,Active,Male,Regular,MekTech,Locust IIC 2 (180m),-,-,-/-,-/-,-/-,-/-,-/-,-/-,-/-,-,-,-,-,-,-,-,6,-,-,-,-,-,-,-,-,0,0,936 C-Bill,0,Mercenary,Menkent,3131-09-15,3151-05-13,3151-05-13,,,,No,No,No,Yes,N/A,N/A,No,0,0,0,0,0,0,0,0,0,9,College,Overbearing (-),None (-),None (-),None (-),12,5 / 8,5 / 8,5 / 8,5 / 8,5 / 8,5 / 8,5 / 9
"",Corporal,Rolf,,,Rolf,,,,,3129-02-05,Active,Male,Regular,Freeborn MekTech,Black Hawk (Nova) S (240m),-,-,-/-,-/-,-/-,-/-,-/-,-/-,-/-,-,-,-,-,-,-,-,6,-,-,-,-,-,-,-,-,0,0,936 C-Bill,0,Clan Jade Falcon,Menkent,3129-02-05,3151-05-13,3151-05-13,,,,No,No,Yes,Yes,N/A,N/A,No,0,0,0,0,0,-2,0,0,0,9,High School,None (-),None (-),None (-),None (-),9,5 / 8,5 / 8,5 / 8,5 / 8,5 / 8,5 / 8,5 / 9
"",Corporal,Svatoslav,Weckend,,Svatoslav,Weckend,,,,3124-07-18,Active,Male,Regular,MekTech,Black Hawk (Nova) C (240m),-,-,-/-,-/-,-/-,-/-,-/-,-/-,-/-,-,-,-,-,-,-,-,6,-,-,-,-,-,-,-,-,0,0,936 C-Bill,2,Republic of the Sphere,Caph,3124-07-18,3151-05-13,3151-05-13,,,,No,No,No,Yes,N/A,N/A,No,0,0,0,0,0,0,0,0,0,10,College,None (-),None (-),None (-),Apathetic (-),12,5 / 8,5 / 8,5 / 8,5 / 8,5 / 8,5 / 8,5 / 9
"",Captain,Dr Lloyd,Celaster,Dr,Lloyd,Celaster,,,,3130-10-21,Active,Male,Veteran,Freeborn Doctor,-,-,-,-/-,-/-,-/-,-/-,-/-,-/-,-/-,-,-,-,-,-,-,-,-,-,-,-,-,5,-,-,-,0,0,"3,000 C-Bill",0,Clan Jade Falcon,Muphrid,3130-10-21,3151-05-13,3151-05-13,,,,No,No,Yes,Yes,N/A,N/A,No,0,0,0,0,0,-3,0,0,0,15,Early Childhood,None (-),None (-),Hoarding (-),None (-),12,5 / 8,5 / 8,5 / 8,5 / 8,5 / 8,5 / 8,5 / 9
"",Corporal,Sabeeka,Yasar,,Sabeeka,Yasar,,,,3130-04-21,Active,Female,Regular,Mechanic,-,-,-,-/-,-/-,-/-,-/-,-/-,-/-,-/-,-,-,-,-,-,-,-,-,-,6,-,-,-,-,-,-,0,0,936 C-Bill,0,Interstellar Expeditions,Tyrfing,3130-04-21,3151-05-13,3151-05-13,,,,No,No,No,Yes,N/A,Yes,No,1,0,0,0,0,0,0,0,0,12,High School,None (-),None (-),None (-),Irritable (-),12,5 / 8,5 / 8,5 / 8,5 / 8,5 / 8,5 / 8,5 / 9
"",Corporal,Wagih,Toto,,Wagih,Toto,,,,3125-08-27,Active,Male,Veteran,Mechanic,-,-,-,-/-,-/-,-/-,-/-,-/-,-/-,-/-,-,-,-,-,-,-,-,-,-,5,-,-,-,-,-,-,0,0,936 C-Bill,0,Mercenary,Epsilon Eridani,3125-08-27,3151-05-13,3151-05-13,,,,No,No,No,Yes,N/A,N/A,No,0,0,0,0,0,-1,0,0,0,12,College,None (-),None (-),None (-),Empathetic (+),12,5 / 8,5 / 8,5 / 8,5 / 8,5 / 8,5 / 8,5 / 9
"",Corporal,Karina,Larsen,,Karina,Larsen,,,,3130-05-08,Active,Female,Green,Mechanic,Rommel Tank (Howitzer) Production (300m),-,-,-/-,-/-,-/-,-/-,-/-,-/-,-/-,-,-,-,-,-,-,-,-,-,7,-,-,-,-,-,-,0,0,936 C-Bill,0,Mercenary,Pike IV,3130-05-08,3151-05-13,3151-05-13,,,,No,No,No,Yes,N/A,Yes,No,0,0,0,0,0,0,0,0,0,14,High School,Impulsive (-),None (-),None (-),None (-),12,5 / 8,5 / 8,5 / 8,5 / 8,5 / 8,5 / 8,5 / 9
"",Corporal,Mckenna,Karsumaatmaja,,Mckenna,Karsumaatmaja,,,,3128-08-25,Active,Female,Regular,Mechanic,-,-,-,-/-,-/-,-/-,-/-,-/-,-/-,-/-,-,-,-,-,-,-,-,-,-,6,-,-,-,-,-,-,0,0,936 C-Bill,1,Republic of the Sphere,Caph,3128-08-25,3151-05-13,3151-05-13,,,,No,No,No,Yes,N/A,No,No,0,0,0,0,0,0,0,0,0,12,High School,Intrepid (+),Diligent (+),None (-),None (-),14,5 / 8,5 / 8,5 / 8,5 / 8,5 / 8,5 / 8,5 / 9
"",Corporal,Shan-tang,Huang,,Shan-tang,Huang,,,,3124-07-11,Active,Male,Ultra-Green,Medic,-,-,-,-/-,-/-,-/-,-/-,-/-,-/-,-/-,-,-,-,-,-,-,-,-,-,-,-,-,-,-,-,-,0,0,468 C-Bill,0,Mercenary,Carver V,3124-07-11,3151-05-13,3151-05-13,,,,No,No,No,Yes,N/A,N/A,No,-1,0,0,0,0,0,0,0,0,16,High School,None (-),None (-),None (-),None (-),14,5 / 8,5 / 8,5 / 8,5 / 8,5 / 8,5 / 8,5 / 9
"",Corporal,Lizabeta,,,Lizabeta,,,,,3129-10-05,Active,Female,Ultra-Green,Freeborn Medic,-,-,-,-/-,-/-,-/-,-/-,-/-,-/-,-/-,-,-,-,-,-,-,-,-,-,-,-,-,-,-,-,-,0,0,468 C-Bill,0,Clan Jade Falcon,Thorin,3129-10-05,3151-05-13,3151-05-13,,,,No,No,Yes,Yes,N/A,No,No,0,0,0,0,0,-2,0,0,0,11,High School,None (-),None (-),Hoarding (-),Indifferent (-),11,5 / 8,5 / 8,5 / 8,5 / 8,5 / 8,5 / 8,5 / 9
"",Corporal,Higino,Perenno,,Higino,Perenno,,,,3133-02-21,Active,Male,Ultra-Green,Medic,-,-,-,-/-,-/-,-/-,-/-,-/-,-/-,-/-,-,-,-,-,-,-,-,-,-,-,-,-,-,-,-,-,0,0,468 C-Bill,0,Mercenary,Graham IV,3133-02-21,3151-05-13,3151-05-13,,,,No,No,No,Yes,N/A,N/A,No,0,0,0,0,0,0,0,0,0,7,Early Childhood,None (-),None (-),None (-),None (-),14,5 / 8,5 / 8,5 / 8,5 / 8,5 / 8,5 / 8,5 / 9
"",Corporal,Stanley,Zisimides,,Stanley,Zisimides,,,,3127-10-10,Active,Other,Ultra-Green,Medic,-,-,-,-/-,-/-,-/-,-/-,-/-,-/-,-/-,-,-,-,-,-,-,-,-,-,-,-,-,-,-,-,-,0,0,468 C-Bill,0,Mercenary,Rigil Kentarus,3127-10-10,3151-05-13,3151-05-13,,,,No,No,No,Yes,N/A,N/A,No,0,0,0,0,0,0,0,0,0,15,High School,None (-),Energetic (+),None (-),Pompous (--),10,5 / 8,5 / 8,5 / 8,5 / 8,5 / 8,5 / 8,5 / 9
"",Corporal,Cedric,Sneer,,Cedric,Sneer,,,,3129-11-10,Active,Male,Green,Admin/Command,-,-,-,-/-,-/-,-/-,-/-,-/-,-/-,-/-,-,-,-,-,-,-,-,-,-,-,-,-,-,4,-,-,0,0,585 C-Bill,2,Lyran Commonwealth,Muphrid,3129-11-10,3151-05-13,3151-05-13,,,,No,No,No,Yes,N/A,N/A,No,1,0,0,0,0,0,0,0,0,7,Post-Graduate,None (-),Resilient (+),None (-),None (-),12,5 / 8,5 / 8,5 / 8,5 / 8,5 / 8,5 / 8,5 / 9
"",Corporal,Gorane,López,,Gorane,López,,,,3133-03-29,Active,Female,Green,Admin/Logistical,-,-,-,-/-,-/-,-/-,-/-,-/-,-/-,-/-,-,-,-,-,-,-,-,-,-,-,-,-,-,4,-,-,0,0,585 C-Bill,1,Mercenary,Menkent,3133-03-29,3151-05-13,3151-05-13,,,,No,No,No,Yes,N/A,No,No,0,0,0,0,0,0,0,0,0,9,High School,None (-),Aspiring (+),None (-),None (-),14,5 / 8,5 / 8,5 / 8,5 / 8,5 / 8,5 / 8,5 / 9
"",Corporal,Mary,Thommana,,Mary,Thommana,,,,3131-01-05,Active,Female,Green,Admin/Transport,-,-,-,-/-,-/-,-/-,-/-,-/-,-/-,-/-,-,-,-,-,-,-,-,-,-,-,-,-,-,4,-,-,0,0,585 C-Bill,2,Mercenary,Keid,3131-01-05,3151-05-13,3151-05-13,,,,No,No,No,Yes,N/A,Yes,No,0,0,0,0,0,0,0,0,0,13,High School,None (-),None (-),Insatiable (-),None (-),12,5 / 8,5 / 8,5 / 8,5 / 8,5 / 8,5 / 8,5 / 9
"",Corporal,Sonia,Sukarno,,Sonia,Sukarno,,,,3128-01-16,Active,Female,Green,Admin/HR,-,-,-,-/-,-/-,-/-,-/-,-/-,-/-,-/-,-,-,-,-,-,-,-,-,-,-,-,-,-,4,-,-,0,0,585 C-Bill,2,Mercenary,Graham IV,3128-01-16,3151-05-13,3151-05-13,,,,No,No,No,Yes,N/A,Yes,No,0,0,0,0,0,0,0,0,0,11,High School,None (-),None (-),Avaricious (-),Neglectful (-),12,5 / 8,5 / 8,5 / 8,5 / 8,5 / 8,5 / 8,5 / 9
"",Bondsman,Nadezhda,Merkurov,,Nadezhda,Merkurov,,,,3133-11-29,Active,Female,Veteran,Battle Armor Pilot,-,-,-,-/-,-/-,-/-,-/-,-/-,-/-,-/-,1,7,7,-,-,-,-,-,-,-,-,-,-,-,-,-,0,0,0 C-Bill,0,Independent,Machida,3133-11-29,3151-06-08,3151-06-08,,,,No,No,No,Yes,N/A,No,No,0,0,0,0,0,-1,0,0,0,11,High School,None (-),None (-),None (-),None (-),10,5 / 8,5 / 8,5 / 8,5 / 8,5 / 8,5 / 8,5 / 9
"",Bondsman,Seoh-Ling,,,Seoh-Ling,,,,,3135-06-01,Active,Female,Veteran,Trueborn MekWarrior,Black Hawk (Nova) C,-,-,4/3,-/-,-/-,-/-,-/-,-/-,-/-,-,5,-,-,-,-,-,-,-,-,-,-,-,-,-,-,0,0,0 C-Bill,0,Clan Jade Falcon,Twycross,3135-06-01,3151-06-08,3151-06-08,,,,No,No,Yes,Yes,N/A,No,No,0,0,0,0,0,-3,0,0,0,9,High School,None (-),None (-),None (-),None (-),10,5 / 8,5 / 8,5 / 9,5 / 9,5 / 8,5 / 8,5 / 9
"",Bondsman,Leif,Hedmark,,Leif,Hedmark,,,,3133-12-26,Active,Male,Regular,Battle Armor Pilot,-,-,-,-/-,-/-,-/-,-/-,-/-,-/-,-/-,3,-,7,-,8,8,-,-,-,-,-,-,-,-,-,-,0,0,0 C-Bill,0,Independent,Machida,3133-12-26,3151-06-08,3151-06-08,,,,No,No,No,Yes,N/A,N/A,No,0,0,0,0,0,0,0,0,0,4,Early Childhood,None (-),None (-),None (-),None (-),9,5 / 8,5 / 8,5 / 8,5 / 8,5 / 8,5 / 8,5 / 9
"",Bondsman,Heiko,,,Heiko,,,,,3131-07-17,Active,Male,Regular,Trueborn Aerospace Pilot,-,-,-,-/-,-/-,-/-,-/-,5/5,-/-,-/-,-,6,-,-,-,-,-,-,-,-,-,-,-,-,-,-,0,0,0 C-Bill,0,Clan Jade Falcon,Blue Hole,3131-07-17,3151-06-08,3151-06-08,,,,No,No,Yes,Yes,N/A,N/A,No,0,0,0,0,0,-2,0,0,0,11,High School,None (-),Strategic (+),None (-),None (-),12,5 / 7,5 / 7,5 / 9,5 / 9,5 / 9,5 / 8,5 / 8
"",Bondsman,Malone,,,Malone,,,,Rawhide,3119-07-30,Active,Male,Elite,Trueborn Aerospace Pilot,-,-,-,-/-,-/-,-/-,-/-,3/3,-/-,-/-,-,-,-,-,-,-,6,-,-,-,-,-,-,-,-,-,0,0,0 C-Bill,0,Clan Jade Falcon,Bountiful Harvest,3119-07-30,3151-06-08,3151-06-08,,,,No,No,Yes,Yes,N/A,N/A,No,0,0,0,0,0,-4,0,0,0,6,High School,None (-),None (-),Insatiable (-),None (-),12,5 / 7,5 / 7,5 / 9,5 / 9,5 / 9,5 / 8,5 / 8
"",Bondsman,Taua,,,Taua,,,,,3134-12-21,Active,Male,Regular,Freeborn MekWarrior,-,-,-,4/6,-/-,-/-,-/-,-/-,-/-,-/-,-,5,-,-,-,-,-,-,-,-,-,-,-,-,-,-,0,0,0 C-Bill,0,Independent,Machida,3134-12-21,3151-06-10,3151-06-10,,,,No,No,Yes,Yes,N/A,N/A,No,0,0,0,0,0,-2,0,0,0,11,High School,None (-),None (-),Fraudulent (-),None (-),13,5 / 8,5 / 8,5 / 8,5 / 8,5 / 8,5 / 8,5 / 9
"",Bondsman,Patrício,,,Patrício,,,,,3135-04-11,Active,Male,Veteran,Freeborn MekWarrior,-,-,-,4/4,-/-,-/-,-/-,-/-,-/-,-/-,-,5,-,-,7,-,-,-,-,-,-,-,-,-,-,-,0,0,0 C-Bill,0,Mercenary,Medellin,3135-04-11,3151-06-10,3151-06-10,,,,No,No,Yes,Yes,N/A,N/A,No,0,0,0,0,0,-3,0,0,0,8,High School,None (-),None (-),Insatiable (-),None (-),12,5 / 8,5 / 8,5 / 8,5 / 8,5 / 8,5 / 8,5 / 9
"",Bondsman,Lissandra,,,Lissandra,,,,,3134-11-11,Active,Female,Regular,Freeborn MekWarrior,-,-,-,4/5,-/-,-/-,-/-,-/-,-/-,-/-,-,7,-,7,-,-,-,-,-,-,-,-,-,-,-,-,0,0,0 C-Bill,0,Mercenary,Annunziata,3134-11-11,3151-06-10,3151-06-10,,,,No,No,Yes,No,N/A,No,No,0,0,0,0,0,-2,0,0,0,9,High School,None (-),None (-),None (-),None (-),12,5 / 8,5 / 8,5 / 8,5 / 8,5 / 8,5 / 8,5 / 9
"",Bondsman,Falconer Jarsel,,Falconer,Jarsel,,,,,3109-03-11,Active,Female,Elite,Trueborn MekWarrior,-,-,-,2/2,-/-,-/-,-/-,-/-,-/-,-/-,-,3,-,6,-,-,-,-,-,-,-,-,-,-,-,-,0,0,0 C-Bill,0,Clan Jade Falcon,Parakoila,3109-03-11,3151-06-10,3151-06-10,,,,No,No,Yes,Yes,N/A,No,No,0,0,0,0,0,-4,0,0,0,9,High School,None (-),None (-),None (-),Inspiring (+),12,5 / 8,5 / 8,5 / 9,5 / 9,5 / 8,5 / 8,5 / 9
"",,Sarah,,,Sarah,,,,,3123-01-10,Active,Female,Regular,Freeborn Doctor,-,-,-,-/-,-/-,-/-,-/-,-/-,-/-,-/-,-,-,-,-,-,-,-,-,-,-,-,-,6,-,-,-,0,0,750 C-Bill,0,Clan Jade Falcon,Deia,3123-01-10,3151-06-24,3151-06-24,,,,No,No,Yes,Yes,N/A,Yes,No,0,0,0,0,0,-2,0,1,0,14,College,None (-),Focused (+),None (-),None (-),12,5 / 8,5 / 8,5 / 8,5 / 8,5 / 8,5 / 8,5 / 9
